client_id,round_number,num_samples,train_or_test,accuracy,loss,server_time
ALLS_WELL_THAT_ENDS_WELL_BERTRAM,0,10459,test,0.0,4.382917404174805,0
ALLS_WELL_THAT_ENDS_WELL_CLOWN,0,8312,test,0.0,4.3833112716674805,0
ALLS_WELL_THAT_ENDS_WELL_COUNTESS,0,11419,test,0.0009337068160597573,4.3836283683776855,0
ALLS_WELL_THAT_ENDS_WELL_DIANA,0,5050,test,0.002304147465437788,4.382970809936523,0
ALLS_WELL_THAT_ENDS_WELL_FIRST_LORD,0,3651,test,0.0,4.382665157318115,0
ALLS_WELL_THAT_ENDS_WELL_FIRST_SOLDIER,0,3146,test,0.0,4.383543014526367,0
ALLS_WELL_THAT_ENDS_WELL_HELENA,0,18616,test,0.0011166945840312675,4.383333206176758,0
ALLS_WELL_THAT_ENDS_WELL_KING,0,15764,test,0.0006640106241699867,4.383195400238037,0
ALLS_WELL_THAT_ENDS_WELL_LAFEU,0,11521,test,0.0009250693802035153,4.383570671081543,0
ALLS_WELL_THAT_ENDS_WELL_MARIANA,0,810,test,0.0,4.381857395172119,0
ALLS_WELL_THAT_ENDS_WELL_PAROLLES,0,15816,test,0.0006618133686300463,4.383503437042236,0
ALLS_WELL_THAT_ENDS_WELL_SECOND_LORD,0,6747,test,0.0,4.382904052734375,0
ALLS_WELL_THAT_ENDS_WELL_STEWARD,0,1706,test,0.0,4.383584976196289,0
ALLS_WELL_THAT_ENDS_WELL_WIDOW,0,2220,test,0.0,4.383668422698975,0
AS_YOU_LIKE_IT_ADAM,0,2525,test,0.0,4.384235858917236,0
AS_YOU_LIKE_IT_CELIA,0,11201,test,0.0,4.383393287658691,0
AS_YOU_LIKE_IT_CHARLES,0,1784,test,0.0,4.383389949798584,0
AS_YOU_LIKE_IT_CORIN,0,2732,test,0.009852216748768473,4.3834919929504395,0
AS_YOU_LIKE_IT_DUKE_SENIOR,0,5091,test,0.0,4.3830037117004395,0
AS_YOU_LIKE_IT_FIRST_LORD,0,1779,test,0.0,4.384240627288818,0
AS_YOU_LIKE_IT_FREDERICK,0,2715,test,0.0,4.382805347442627,0
AS_YOU_LIKE_IT_JAQUES,0,9556,test,0.0011299435028248588,4.383237838745117,0
AS_YOU_LIKE_IT_LE_BEAU,0,1843,test,0.0,4.383179187774658,0
AS_YOU_LIKE_IT_OLIVER,0,6097,test,0.0018552875695732839,4.383351802825928,0
AS_YOU_LIKE_IT_ORLANDO,0,12327,test,0.0,4.38310432434082,0
AS_YOU_LIKE_IT_PHEBE,0,3348,test,0.0,4.383318901062012,0
AS_YOU_LIKE_IT_ROSALIND,0,29302,test,0.001048951048951049,4.383609771728516,0
AS_YOU_LIKE_IT_SILVIUS,0,2607,test,0.0,4.383058547973633,0
AS_YOU_LIKE_IT_TOUCHSTONE,0,12198,test,0.0,4.383610725402832,0
A_MIDSUMMER_NIGHT_S_DREAM_BOTTOM,0,8626,test,0.0,4.383541584014893,0
A_MIDSUMMER_NIGHT_S_DREAM_DEMETRIUS,0,5407,test,0.0,4.383691310882568,0
A_MIDSUMMER_NIGHT_S_DREAM_EGEUS,0,1549,test,0.0,4.383462429046631,0
A_MIDSUMMER_NIGHT_S_DREAM_FAIRY,0,976,test,0.0,4.381917953491211,0
A_MIDSUMMER_NIGHT_S_DREAM_FLUTE,0,801,test,0.0,4.379786014556885,0
A_MIDSUMMER_NIGHT_S_DREAM_HELENA,0,9316,test,0.0,4.3830461502075195,0
A_MIDSUMMER_NIGHT_S_DREAM_HERMIA,0,6581,test,0.0,4.383171081542969,0
A_MIDSUMMER_NIGHT_S_DREAM_HIPPOLYTA,0,1322,test,0.0,4.3848090171813965,0
A_MIDSUMMER_NIGHT_S_DREAM_LYSANDER,0,7109,test,0.0,4.3832268714904785,0
A_MIDSUMMER_NIGHT_S_DREAM_OBERON,0,8726,test,0.0,4.383013725280762,0
A_MIDSUMMER_NIGHT_S_DREAM_PHILOSTRATE,0,836,test,0.0,4.3860392570495605,0
A_MIDSUMMER_NIGHT_S_DREAM_PROLOGUE,0,1456,test,0.013333333333333334,4.382145404815674,0
A_MIDSUMMER_NIGHT_S_DREAM_PUCK,0,7585,test,0.0,4.383327484130859,0
A_MIDSUMMER_NIGHT_S_DREAM_PYRAMUS,0,1870,test,0.008620689655172414,4.38211727142334,0
A_MIDSUMMER_NIGHT_S_DREAM_QUINCE,0,3473,test,0.0,4.3840789794921875,0
A_MIDSUMMER_NIGHT_S_DREAM_THESEUS,0,9771,test,0.0011037527593818985,4.383037090301514,0
A_MIDSUMMER_NIGHT_S_DREAM_THISBY,0,838,test,0.0,4.384280204772949,0
A_MIDSUMMER_NIGHT_S_DREAM_TITANIA,0,5984,test,0.001893939393939394,4.382846832275391,0
CYMBELINE_ARVIRAGUS,0,4747,test,0.0,4.38386344909668,0
CYMBELINE_BELARIUS,0,13263,test,0.0007961783439490446,4.383516788482666,0
CYMBELINE_CLOTEN,0,10794,test,0.0,4.38301944732666,0
CYMBELINE_CORNELIUS,0,2758,test,0.0,4.3834052085876465,0
CYMBELINE_CYMBELINE,0,10799,test,0.0,4.3835015296936035,0
CYMBELINE_FIRST_GENTLEMAN,0,2571,test,0.0,4.383084297180176,0
CYMBELINE_FIRST_LORD,0,823,test,0.0,4.3823065757751465,0
CYMBELINE_FRENCHMAN,0,830,test,0.0,4.379769802093506,0
CYMBELINE_GAOLER,0,1865,test,0.0,4.383193492889404,0
CYMBELINE_GUIDERIUS,0,5585,test,0.0,4.382915019989014,0
CYMBELINE_IACHIMO,0,17293,test,0.0006027727546714888,4.382932662963867,0
CYMBELINE_IMOGEN,0,23267,test,0.0013297872340425532,4.383355140686035,0
CYMBELINE_JUPITER,0,734,test,0.0,4.378381729125977,0
CYMBELINE_LUCIUS,0,3740,test,0.0033003300330033004,4.3832011222839355,0
CYMBELINE_PHILARIO,0,1406,test,0.0,4.383424758911133,0
CYMBELINE_PISANIO,0,7843,test,0.0,4.383416175842285,0
CYMBELINE_POSTHUMUS,0,18332,test,0.0011344299489506524,4.38309383392334,0
CYMBELINE_QUEEN,0,6533,test,0.0017152658662092624,4.383223533630371,0
CYMBELINE_SECOND_LORD,0,1627,test,0.0,4.382404327392578,0
CYMBELINE_SICILIUS,0,1134,test,0.0,4.382807731628418,0
CYMBELINE_SOOTHSAYER,0,1662,test,0.0,4.382599830627441,0
KING_HENRY_THE_EIGHTH_ANNE,0,1835,test,0.0,4.383948802947998,0
KING_HENRY_THE_EIGHTH_BUCKINGHAM,0,7629,test,0.001445086705202312,4.38351583480835,0
KING_HENRY_THE_EIGHTH_CAMPEIUS,0,1884,test,0.0,4.384227752685547,0
KING_HENRY_THE_EIGHTH_CHAMBERLAIN,0,5877,test,0.0019342359767891683,4.383334159851074,0
KING_HENRY_THE_EIGHTH_CHANCELLOR,0,986,test,0.0,4.383757591247559,0
KING_HENRY_THE_EIGHTH_CRANMER,0,5395,test,0.0,4.382802963256836,0
KING_HENRY_THE_EIGHTH_CROMWELL,0,1486,test,0.0,4.383399963378906,0
KING_HENRY_THE_EIGHTH_FIRST_GENTLEMAN,0,3702,test,0.0,4.382615089416504,0
KING_HENRY_THE_EIGHTH_GARDINER,0,3398,test,0.0,4.383123874664307,0
KING_HENRY_THE_EIGHTH_GRIFFITH,0,2980,test,0.0,4.384047508239746,0
KING_HENRY_THE_EIGHTH_KATHARINE,0,4534,test,0.0026109660574412533,4.3834123611450195,0
KING_HENRY_THE_EIGHTH_KING,0,19065,test,0.0,4.383152961730957,0
KING_HENRY_THE_EIGHTH_LOVELL,0,2510,test,0.0,4.383516311645508,0
KING_HENRY_THE_EIGHTH_MAN,0,1671,test,0.0,4.383917331695557,0
KING_HENRY_THE_EIGHTH_NORFOLK,0,8188,test,0.0,4.38277530670166,0
KING_HENRY_THE_EIGHTH_OLD_LADY,0,2470,test,0.0,4.383033275604248,0
KING_HENRY_THE_EIGHTH_PORTER,0,1379,test,0.0,4.3838210105896,0
KING_HENRY_THE_EIGHTH_QUEEN_KATHARINE,0,11059,test,0.0,4.383142948150635,0
KING_HENRY_THE_EIGHTH_SANDYS,0,1718,test,0.0,4.383849143981934,0
KING_HENRY_THE_EIGHTH_SECOND_GENTLEMAN,0,4142,test,0.0,4.38404655456543,0
KING_HENRY_THE_EIGHTH_SUFFOLK,0,3255,test,0.0,4.383190631866455,0
KING_HENRY_THE_EIGHTH_SURREY,0,2702,test,0.0,4.3830671310424805,0
KING_HENRY_THE_EIGHTH_SURVEYOR,0,2287,test,0.0,4.383761405944824,0
KING_HENRY_THE_EIGHTH_THIRD_GENTLEMAN,0,2110,test,0.0,4.383085250854492,0
KING_HENRY_THE_EIGHTH_WOLSEY,0,17402,test,0.0005988023952095808,4.383132457733154,0
KING_JOHN_ARTHUR,0,4839,test,0.0,4.3829345703125,0
KING_JOHN_AUSTRIA,0,1270,test,0.0,4.382554054260254,0
KING_JOHN_BASTARD,0,21650,test,0.0,4.383151054382324,0
KING_JOHN_BLANCH,0,1561,test,0.0,4.383876800537109,0
KING_JOHN_CHATILLON,0,1590,test,0.0,4.383965015411377,0
KING_JOHN_CITIZEN,0,2674,test,0.0,4.383321762084961,0
KING_JOHN_CONSTANCE,0,11089,test,0.0009633911368015414,4.38318395614624,0
ALLS_WELL_THAT_ENDS_WELL_BERTRAM,10,10459,test,0.4758974358974359,1.7590792179107666,234767.90235351562
ALLS_WELL_THAT_ENDS_WELL_CLOWN,10,8312,test,0.45466491458607095,1.872204303741455,234767.90235351562
ALLS_WELL_THAT_ENDS_WELL_COUNTESS,10,11419,test,0.4696545284780579,1.8009957075119019,234767.90235351562
ALLS_WELL_THAT_ENDS_WELL_DIANA,10,5050,test,0.4815668202764977,1.8178759813308716,234767.90235351562
ALLS_WELL_THAT_ENDS_WELL_FIRST_LORD,10,3651,test,0.445578231292517,1.9320068359375,234767.90235351562
ALLS_WELL_THAT_ENDS_WELL_FIRST_SOLDIER,10,3146,test,0.4344262295081967,1.6865811347961426,234767.90235351562
ALLS_WELL_THAT_ENDS_WELL_HELENA,10,18616,test,0.5220547180346176,1.608878493309021,234767.90235351562
ALLS_WELL_THAT_ENDS_WELL_KING,10,15764,test,0.50132802124834,1.6866198778152466,234767.90235351562
ALLS_WELL_THAT_ENDS_WELL_LAFEU,10,11521,test,0.45605920444033304,1.8070279359817505,234767.90235351562
ALLS_WELL_THAT_ENDS_WELL_MARIANA,10,810,test,0.5,2.267242908477783,234767.90235351562
ALLS_WELL_THAT_ENDS_WELL_PAROLLES,10,15816,test,0.5102581072137657,1.6423932313919067,234767.90235351562
ALLS_WELL_THAT_ENDS_WELL_SECOND_LORD,10,6747,test,0.5132450331125827,1.702828288078308,234767.90235351562
ALLS_WELL_THAT_ENDS_WELL_STEWARD,10,1706,test,0.51,1.77045476436615,234767.90235351562
ALLS_WELL_THAT_ENDS_WELL_WIDOW,10,2220,test,0.45695364238410596,1.5653318166732788,234767.90235351562
AS_YOU_LIKE_IT_ADAM,10,2525,test,0.44505494505494503,1.726969599723816,234767.90235351562
AS_YOU_LIKE_IT_CELIA,10,11201,test,0.4966634890371783,1.7351179122924805,234767.90235351562
AS_YOU_LIKE_IT_CHARLES,10,1784,test,0.5,1.5577425956726074,234767.90235351562
AS_YOU_LIKE_IT_CORIN,10,2732,test,0.541871921182266,1.6914857625961304,234767.90235351562
AS_YOU_LIKE_IT_DUKE_SENIOR,10,5091,test,0.4063926940639269,2.0381932258605957,234767.90235351562
AS_YOU_LIKE_IT_FIRST_LORD,10,1779,test,0.42990654205607476,1.7532594203948975,234767.90235351562
AS_YOU_LIKE_IT_FREDERICK,10,2715,test,0.5323383084577115,1.5788899660110474,234767.90235351562
AS_YOU_LIKE_IT_JAQUES,10,9556,test,0.4666666666666667,1.874049425125122,234767.90235351562
AS_YOU_LIKE_IT_LE_BEAU,10,1843,test,0.5701754385964912,1.3840270042419434,234767.90235351562
AS_YOU_LIKE_IT_OLIVER,10,6097,test,0.5083487940630798,1.632617473602295,234767.90235351562
AS_YOU_LIKE_IT_ORLANDO,10,12327,test,0.5129087779690189,1.6601938009262085,234767.90235351562
AS_YOU_LIKE_IT_PHEBE,10,3348,test,0.5075757575757576,1.7273653745651245,234767.90235351562
AS_YOU_LIKE_IT_ROSALIND,10,29302,test,0.4898601398601399,1.7402604818344116,234767.90235351562
AS_YOU_LIKE_IT_SILVIUS,10,2607,test,0.5052631578947369,1.64736008644104,234767.90235351562
AS_YOU_LIKE_IT_TOUCHSTONE,10,12198,test,0.44473455178416016,1.9980981349945068,234767.90235351562
A_MIDSUMMER_NIGHT_S_DREAM_BOTTOM,10,8626,test,0.4684343434343434,1.8057410717010498,234767.90235351562
A_MIDSUMMER_NIGHT_S_DREAM_DEMETRIUS,10,5407,test,0.4702127659574468,1.9781557321548462,234767.90235351562
A_MIDSUMMER_NIGHT_S_DREAM_EGEUS,10,1549,test,0.5833333333333334,1.3108564615249634,234767.90235351562
A_MIDSUMMER_NIGHT_S_DREAM_FAIRY,10,976,test,0.4444444444444444,1.7925794124603271,234767.90235351562
A_MIDSUMMER_NIGHT_S_DREAM_FLUTE,10,801,test,0.2222222222222222,2.217362642288208,234767.90235351562
A_MIDSUMMER_NIGHT_S_DREAM_HELENA,10,9316,test,0.45993031358885017,1.8502004146575928,234767.90235351562
A_MIDSUMMER_NIGHT_S_DREAM_HERMIA,10,6581,test,0.5076660988074957,1.7658780813217163,234767.90235351562
A_MIDSUMMER_NIGHT_S_DREAM_HIPPOLYTA,10,1322,test,0.41935483870967744,1.9061410427093506,234767.90235351562
A_MIDSUMMER_NIGHT_S_DREAM_LYSANDER,10,7109,test,0.484375,1.7904491424560547,234767.90235351562
A_MIDSUMMER_NIGHT_S_DREAM_OBERON,10,8726,test,0.46508728179551123,1.8146418333053589,234767.90235351562
A_MIDSUMMER_NIGHT_S_DREAM_PHILOSTRATE,10,836,test,0.23076923076923078,2.5235416889190674,234767.90235351562
A_MIDSUMMER_NIGHT_S_DREAM_PROLOGUE,10,1456,test,0.3466666666666667,2.405975341796875,234767.90235351562
A_MIDSUMMER_NIGHT_S_DREAM_PUCK,10,7585,test,0.48401162790697677,1.8142143487930298,234767.90235351562
A_MIDSUMMER_NIGHT_S_DREAM_PYRAMUS,10,1870,test,0.35344827586206895,2.1114847660064697,234767.90235351562
A_MIDSUMMER_NIGHT_S_DREAM_QUINCE,10,3473,test,0.4368231046931408,2.0181846618652344,234767.90235351562
A_MIDSUMMER_NIGHT_S_DREAM_THESEUS,10,9771,test,0.4381898454746137,1.9514302015304565,234767.90235351562
A_MIDSUMMER_NIGHT_S_DREAM_THISBY,10,838,test,0.15384615384615385,3.0658369064331055,234767.90235351562
A_MIDSUMMER_NIGHT_S_DREAM_TITANIA,10,5984,test,0.44696969696969696,2.0246517658233643,234767.90235351562
CYMBELINE_ARVIRAGUS,10,4747,test,0.48267326732673266,1.879526138305664,234767.90235351562
CYMBELINE_BELARIUS,10,13263,test,0.48089171974522293,1.844302773475647,234767.90235351562
CYMBELINE_CLOTEN,10,10794,test,0.44796828543111994,1.8907172679901123,234767.90235351562
CYMBELINE_CORNELIUS,10,2758,test,0.44878048780487806,1.88219153881073,234767.90235351562
CYMBELINE_CYMBELINE,10,10799,test,0.4271555996035679,1.933477759361267,234767.90235351562
CYMBELINE_FIRST_GENTLEMAN,10,2571,test,0.489247311827957,1.7868622541427612,234767.90235351562
CYMBELINE_FIRST_LORD,10,823,test,0.5833333333333334,1.157465934753418,234767.90235351562
CYMBELINE_FRENCHMAN,10,830,test,0.5833333333333334,1.2731300592422485,234767.90235351562
CYMBELINE_GAOLER,10,1865,test,0.4827586206896552,1.7890446186065674,234767.90235351562
CYMBELINE_GUIDERIUS,10,5585,test,0.4651639344262295,1.7801381349563599,234767.90235351562
CYMBELINE_IACHIMO,10,17293,test,0.45027124773960214,1.8923695087432861,234767.90235351562
CYMBELINE_IMOGEN,10,23267,test,0.46897163120567376,1.7654038667678833,234767.90235351562
CYMBELINE_JUPITER,10,734,test,0.3333333333333333,2.4064152240753174,234767.90235351562
CYMBELINE_LUCIUS,10,3740,test,0.47854785478547857,1.828639268875122,234767.90235351562
CYMBELINE_PHILARIO,10,1406,test,0.6,1.4443033933639526,234767.90235351562
CYMBELINE_PISANIO,10,7843,test,0.46078431372549017,1.8091013431549072,234767.90235351562
CYMBELINE_POSTHUMUS,10,18332,test,0.44526375496313103,1.9288666248321533,234767.90235351562
CYMBELINE_QUEEN,10,6533,test,0.4716981132075472,1.8171215057373047,234767.90235351562
CYMBELINE_SECOND_LORD,10,1627,test,0.5434782608695652,1.650949239730835,234767.90235351562
CYMBELINE_SICILIUS,10,1134,test,0.3953488372093023,2.4427289962768555,234767.90235351562
CYMBELINE_SOOTHSAYER,10,1662,test,0.5208333333333334,1.794885277748108,234767.90235351562
KING_HENRY_THE_EIGHTH_ANNE,10,1835,test,0.46017699115044247,1.8927148580551147,234767.90235351562
KING_HENRY_THE_EIGHTH_BUCKINGHAM,10,7629,test,0.5057803468208093,1.7077823877334595,234767.90235351562
KING_HENRY_THE_EIGHTH_CAMPEIUS,10,1884,test,0.4830508474576271,1.7617673873901367,234767.90235351562
KING_HENRY_THE_EIGHTH_CHAMBERLAIN,10,5877,test,0.4197292069632495,2.0211446285247803,234767.90235351562
KING_HENRY_THE_EIGHTH_CHANCELLOR,10,986,test,0.2857142857142857,2.2794480323791504,234767.90235351562
KING_HENRY_THE_EIGHTH_CRANMER,10,5395,test,0.47121535181236673,1.7415614128112793,234767.90235351562
KING_HENRY_THE_EIGHTH_CROMWELL,10,1486,test,0.44871794871794873,1.9202460050582886,234767.90235351562
KING_HENRY_THE_EIGHTH_FIRST_GENTLEMAN,10,3702,test,0.48,1.9525734186172485,234767.90235351562
KING_HENRY_THE_EIGHTH_GARDINER,10,3398,test,0.4721189591078067,1.704079270362854,234767.90235351562
KING_HENRY_THE_EIGHTH_GRIFFITH,10,2980,test,0.44933920704845814,1.8995453119277954,234767.90235351562
KING_HENRY_THE_EIGHTH_KATHARINE,10,4534,test,0.4830287206266319,1.809439778327942,234767.90235351562
KING_HENRY_THE_EIGHTH_KING,10,19065,test,0.48474945533769065,1.8543368577957153,234767.90235351562
KING_HENRY_THE_EIGHTH_LOVELL,10,2510,test,0.4166666666666667,1.9716379642486572,234767.90235351562
KING_HENRY_THE_EIGHTH_MAN,10,1671,test,0.4583333333333333,1.8808526992797852,234767.90235351562
KING_HENRY_THE_EIGHTH_NORFOLK,10,8188,test,0.5013368983957219,1.7430108785629272,234767.90235351562
KING_HENRY_THE_EIGHTH_OLD_LADY,10,2470,test,0.5397727272727273,1.610632300376892,234767.90235351562
KING_HENRY_THE_EIGHTH_PORTER,10,1379,test,0.43283582089552236,2.100548028945923,234767.90235351562
KING_HENRY_THE_EIGHTH_QUEEN_KATHARINE,10,11059,test,0.4782608695652174,1.7811843156814575,234767.90235351562
KING_HENRY_THE_EIGHTH_SANDYS,10,1718,test,0.38613861386138615,2.0936968326568604,234767.90235351562
KING_HENRY_THE_EIGHTH_SECOND_GENTLEMAN,10,4142,test,0.502906976744186,1.8254187107086182,234767.90235351562
KING_HENRY_THE_EIGHTH_SUFFOLK,10,3255,test,0.49019607843137253,1.7140862941741943,234767.90235351562
KING_HENRY_THE_EIGHTH_SURREY,10,2702,test,0.545,1.572372555732727,234767.90235351562
KING_HENRY_THE_EIGHTH_SURVEYOR,10,2287,test,0.41139240506329117,2.2039761543273926,234767.90235351562
KING_HENRY_THE_EIGHTH_THIRD_GENTLEMAN,10,2110,test,0.5142857142857142,1.641463279724121,234767.90235351562
KING_HENRY_THE_EIGHTH_WOLSEY,10,17402,test,0.4802395209580838,1.845991611480713,234767.90235351562
KING_JOHN_ARTHUR,10,4839,test,0.4358353510895884,2.0047550201416016,234767.90235351562
KING_JOHN_AUSTRIA,10,1270,test,0.2857142857142857,2.353637218475342,234767.90235351562
KING_JOHN_BASTARD,10,21650,test,0.4689589302769819,1.8213809728622437,234767.90235351562
KING_JOHN_BLANCH,10,1561,test,0.5294117647058824,1.5125577449798584,234767.90235351562
KING_JOHN_CHATILLON,10,1590,test,0.4090909090909091,1.9626964330673218,234767.90235351562
KING_JOHN_CITIZEN,10,2674,test,0.4010152284263959,2.0689666271209717,234767.90235351562
KING_JOHN_CONSTANCE,10,11089,test,0.48554913294797686,1.7983920574188232,234767.90235351562
ALLS_WELL_THAT_ENDS_WELL_BERTRAM,20,10459,test,0.48102564102564105,1.883061408996582,471396.16970703116
ALLS_WELL_THAT_ENDS_WELL_CLOWN,20,8312,test,0.4914586070959264,2.1461341381073,471396.16970703116
ALLS_WELL_THAT_ENDS_WELL_COUNTESS,20,11419,test,0.5032679738562091,1.9292254447937012,471396.16970703116
ALLS_WELL_THAT_ENDS_WELL_DIANA,20,5050,test,0.4930875576036866,1.8905611038208008,471396.16970703116
ALLS_WELL_THAT_ENDS_WELL_FIRST_LORD,20,3651,test,0.46258503401360546,2.096454620361328,471396.16970703116
ALLS_WELL_THAT_ENDS_WELL_FIRST_SOLDIER,20,3146,test,0.48360655737704916,1.843430995941162,471396.16970703116
ALLS_WELL_THAT_ENDS_WELL_HELENA,20,18616,test,0.5276381909547738,1.7181357145309448,471396.16970703116
ALLS_WELL_THAT_ENDS_WELL_KING,20,15764,test,0.50265604249668,1.8245795965194702,471396.16970703116
ALLS_WELL_THAT_ENDS_WELL_LAFEU,20,11521,test,0.49121184088806663,1.8684003353118896,471396.16970703116
ALLS_WELL_THAT_ENDS_WELL_MARIANA,20,810,test,0.4,2.8485543727874756,471396.16970703116
ALLS_WELL_THAT_ENDS_WELL_PAROLLES,20,15816,test,0.5420251489080079,1.7162996530532837,471396.16970703116
ALLS_WELL_THAT_ENDS_WELL_SECOND_LORD,20,6747,test,0.5099337748344371,1.8415945768356323,471396.16970703116
ALLS_WELL_THAT_ENDS_WELL_STEWARD,20,1706,test,0.45,2.1042120456695557,471396.16970703116
ALLS_WELL_THAT_ENDS_WELL_WIDOW,20,2220,test,0.46357615894039733,1.6614975929260254,471396.16970703116
AS_YOU_LIKE_IT_ADAM,20,2525,test,0.510989010989011,1.9068825244903564,471396.16970703116
AS_YOU_LIKE_IT_CELIA,20,11201,test,0.48427073403241183,1.909760594367981,471396.16970703116
AS_YOU_LIKE_IT_CHARLES,20,1784,test,0.5740740740740741,1.4320793151855469,471396.16970703116
AS_YOU_LIKE_IT_CORIN,20,2732,test,0.5517241379310345,1.8724302053451538,471396.16970703116
AS_YOU_LIKE_IT_DUKE_SENIOR,20,5091,test,0.4292237442922374,2.269921064376831,471396.16970703116
AS_YOU_LIKE_IT_FIRST_LORD,20,1779,test,0.4392523364485981,1.888267993927002,471396.16970703116
AS_YOU_LIKE_IT_FREDERICK,20,2715,test,0.5522388059701493,1.7369760274887085,471396.16970703116
AS_YOU_LIKE_IT_JAQUES,20,9556,test,0.45875706214689266,2.1316888332366943,471396.16970703116
AS_YOU_LIKE_IT_LE_BEAU,20,1843,test,0.5614035087719298,1.5825378894805908,471396.16970703116
AS_YOU_LIKE_IT_OLIVER,20,6097,test,0.536178107606679,1.7052280902862549,471396.16970703116
AS_YOU_LIKE_IT_ORLANDO,20,12327,test,0.5240963855421686,1.8191132545471191,471396.16970703116
AS_YOU_LIKE_IT_PHEBE,20,3348,test,0.4810606060606061,1.944319725036621,471396.16970703116
AS_YOU_LIKE_IT_ROSALIND,20,29302,test,0.5059440559440559,1.9046082496643066,471396.16970703116
AS_YOU_LIKE_IT_SILVIUS,20,2607,test,0.5105263157894737,1.7649211883544922,471396.16970703116
AS_YOU_LIKE_IT_TOUCHSTONE,20,12198,test,0.463881636205396,2.2444007396698,471396.16970703116
A_MIDSUMMER_NIGHT_S_DREAM_BOTTOM,20,8626,test,0.4823232323232323,2.0759148597717285,471396.16970703116
A_MIDSUMMER_NIGHT_S_DREAM_DEMETRIUS,20,5407,test,0.4595744680851064,2.181847333908081,471396.16970703116
A_MIDSUMMER_NIGHT_S_DREAM_EGEUS,20,1549,test,0.5595238095238095,1.31477689743042,471396.16970703116
A_MIDSUMMER_NIGHT_S_DREAM_FAIRY,20,976,test,0.48148148148148145,2.4036312103271484,471396.16970703116
A_MIDSUMMER_NIGHT_S_DREAM_FLUTE,20,801,test,0.4444444444444444,2.0795488357543945,471396.16970703116
A_MIDSUMMER_NIGHT_S_DREAM_HELENA,20,9316,test,0.4878048780487805,1.9676498174667358,471396.16970703116
A_MIDSUMMER_NIGHT_S_DREAM_HERMIA,20,6581,test,0.524701873935264,1.9724071025848389,471396.16970703116
A_MIDSUMMER_NIGHT_S_DREAM_HIPPOLYTA,20,1322,test,0.5645161290322581,1.6832095384597778,471396.16970703116
A_MIDSUMMER_NIGHT_S_DREAM_LYSANDER,20,7109,test,0.4984375,1.8425958156585693,471396.16970703116
A_MIDSUMMER_NIGHT_S_DREAM_OBERON,20,8726,test,0.45760598503740646,2.0546326637268066,471396.16970703116
A_MIDSUMMER_NIGHT_S_DREAM_PHILOSTRATE,20,836,test,0.3076923076923077,3.3000729084014893,471396.16970703116
A_MIDSUMMER_NIGHT_S_DREAM_PROLOGUE,20,1456,test,0.36,2.551631212234497,471396.16970703116
A_MIDSUMMER_NIGHT_S_DREAM_PUCK,20,7585,test,0.4898255813953488,2.077678918838501,471396.16970703116
A_MIDSUMMER_NIGHT_S_DREAM_PYRAMUS,20,1870,test,0.43103448275862066,2.49493670463562,471396.16970703116
A_MIDSUMMER_NIGHT_S_DREAM_QUINCE,20,3473,test,0.4404332129963899,2.237367630004883,471396.16970703116
A_MIDSUMMER_NIGHT_S_DREAM_THESEUS,20,9771,test,0.45143487858719644,2.201205253601074,471396.16970703116
A_MIDSUMMER_NIGHT_S_DREAM_THISBY,20,838,test,0.3076923076923077,2.957764148712158,471396.16970703116
A_MIDSUMMER_NIGHT_S_DREAM_TITANIA,20,5984,test,0.45454545454545453,2.229949474334717,471396.16970703116
CYMBELINE_ARVIRAGUS,20,4747,test,0.4975247524752475,2.1264736652374268,471396.16970703116
CYMBELINE_BELARIUS,20,13263,test,0.4912420382165605,1.9130431413650513,471396.16970703116
CYMBELINE_CLOTEN,20,10794,test,0.5024777006937562,1.881697654724121,471396.16970703116
CYMBELINE_CORNELIUS,20,2758,test,0.5170731707317073,1.855102300643921,471396.16970703116
CYMBELINE_CYMBELINE,20,10799,test,0.45589692765113976,2.1391968727111816,471396.16970703116
CYMBELINE_FIRST_GENTLEMAN,20,2571,test,0.5483870967741935,1.7405568361282349,471396.16970703116
CYMBELINE_FIRST_LORD,20,823,test,0.8333333333333334,0.960093080997467,471396.16970703116
CYMBELINE_FRENCHMAN,20,830,test,0.6666666666666666,1.2262698411941528,471396.16970703116
CYMBELINE_GAOLER,20,1865,test,0.46551724137931033,1.9027279615402222,471396.16970703116
CYMBELINE_GUIDERIUS,20,5585,test,0.48975409836065575,1.9134498834609985,471396.16970703116
CYMBELINE_IACHIMO,20,17293,test,0.46775165762507537,2.0757405757904053,471396.16970703116
CYMBELINE_IMOGEN,20,23267,test,0.5013297872340425,1.9207020998001099,471396.16970703116
CYMBELINE_JUPITER,20,734,test,0.3333333333333333,1.649105191230774,471396.16970703116
CYMBELINE_LUCIUS,20,3740,test,0.4884488448844885,2.0381181240081787,471396.16970703116
CYMBELINE_PHILARIO,20,1406,test,0.5857142857142857,1.5481046438217163,471396.16970703116
CYMBELINE_PISANIO,20,7843,test,0.5014005602240896,1.8162754774093628,471396.16970703116
CYMBELINE_POSTHUMUS,20,18332,test,0.4815655133295519,2.039654016494751,471396.16970703116
CYMBELINE_QUEEN,20,6533,test,0.48198970840480276,1.9471797943115234,471396.16970703116
CYMBELINE_SECOND_LORD,20,1627,test,0.5434782608695652,1.5693093538284302,471396.16970703116
CYMBELINE_SICILIUS,20,1134,test,0.4186046511627907,2.526235818862915,471396.16970703116
CYMBELINE_SOOTHSAYER,20,1662,test,0.4791666666666667,2.205979347229004,471396.16970703116
KING_HENRY_THE_EIGHTH_ANNE,20,1835,test,0.5221238938053098,1.9129327535629272,471396.16970703116
KING_HENRY_THE_EIGHTH_BUCKINGHAM,20,7629,test,0.5115606936416185,1.7913391590118408,471396.16970703116
KING_HENRY_THE_EIGHTH_CAMPEIUS,20,1884,test,0.5338983050847458,1.7353124618530273,471396.16970703116
KING_HENRY_THE_EIGHTH_CHAMBERLAIN,20,5877,test,0.4526112185686654,2.16475248336792,471396.16970703116
KING_HENRY_THE_EIGHTH_CHANCELLOR,20,986,test,0.25,2.4956252574920654,471396.16970703116
KING_HENRY_THE_EIGHTH_CRANMER,20,5395,test,0.4925373134328358,1.8523235321044922,471396.16970703116
KING_HENRY_THE_EIGHTH_CROMWELL,20,1486,test,0.48717948717948717,1.9987664222717285,471396.16970703116
KING_HENRY_THE_EIGHTH_FIRST_GENTLEMAN,20,3702,test,0.5,2.1215405464172363,471396.16970703116
KING_HENRY_THE_EIGHTH_GARDINER,20,3398,test,0.516728624535316,1.6726661920547485,471396.16970703116
KING_HENRY_THE_EIGHTH_GRIFFITH,20,2980,test,0.45374449339207046,2.155820369720459,471396.16970703116
KING_HENRY_THE_EIGHTH_KATHARINE,20,4534,test,0.4960835509138381,1.8425815105438232,471396.16970703116
KING_HENRY_THE_EIGHTH_KING,20,19065,test,0.4852941176470588,2.0014984607696533,471396.16970703116
KING_HENRY_THE_EIGHTH_LOVELL,20,2510,test,0.4666666666666667,1.8130743503570557,471396.16970703116
KING_HENRY_THE_EIGHTH_MAN,20,1671,test,0.5208333333333334,2.0310661792755127,471396.16970703116
KING_HENRY_THE_EIGHTH_NORFOLK,20,8188,test,0.5347593582887701,1.7452329397201538,471396.16970703116
KING_HENRY_THE_EIGHTH_OLD_LADY,20,2470,test,0.4659090909090909,1.839550495147705,471396.16970703116
KING_HENRY_THE_EIGHTH_PORTER,20,1379,test,0.40298507462686567,2.3711276054382324,471396.16970703116
KING_HENRY_THE_EIGHTH_QUEEN_KATHARINE,20,11059,test,0.5091787439613527,1.8374744653701782,471396.16970703116
KING_HENRY_THE_EIGHTH_SANDYS,20,1718,test,0.4158415841584158,2.2020041942596436,471396.16970703116
KING_HENRY_THE_EIGHTH_SECOND_GENTLEMAN,20,4142,test,0.5232558139534884,1.8455084562301636,471396.16970703116
KING_HENRY_THE_EIGHTH_SUFFOLK,20,3255,test,0.5411764705882353,1.7696681022644043,471396.16970703116
KING_HENRY_THE_EIGHTH_SURREY,20,2702,test,0.555,1.738858699798584,471396.16970703116
KING_HENRY_THE_EIGHTH_SURVEYOR,20,2287,test,0.4177215189873418,2.2452383041381836,471396.16970703116
KING_HENRY_THE_EIGHTH_THIRD_GENTLEMAN,20,2110,test,0.55,1.7071607112884521,471396.16970703116
KING_HENRY_THE_EIGHTH_WOLSEY,20,17402,test,0.4754491017964072,2.0197572708129883,471396.16970703116
KING_JOHN_ARTHUR,20,4839,test,0.423728813559322,2.293896198272705,471396.16970703116
KING_JOHN_AUSTRIA,20,1270,test,0.375,2.6590957641601562,471396.16970703116
KING_JOHN_BASTARD,20,21650,test,0.4813753581661891,1.9588075876235962,471396.16970703116
KING_JOHN_BLANCH,20,1561,test,0.5176470588235295,1.6789796352386475,471396.16970703116
KING_JOHN_CHATILLON,20,1590,test,0.38636363636363635,2.16780161857605,471396.16970703116
KING_JOHN_CITIZEN,20,2674,test,0.4263959390862944,2.266568422317505,471396.16970703116
KING_JOHN_CONSTANCE,20,11089,test,0.4865125240847784,2.012587070465088,471396.16970703116
ALLS_WELL_THAT_ENDS_WELL_BERTRAM,30,10459,test,0.5035897435897436,2.1390492916107178,692139.7820605467
ALLS_WELL_THAT_ENDS_WELL_CLOWN,30,8312,test,0.5124835742444153,2.2263190746307373,692139.7820605467
ALLS_WELL_THAT_ENDS_WELL_COUNTESS,30,11419,test,0.5144724556489262,2.1285994052886963,692139.7820605467
ALLS_WELL_THAT_ENDS_WELL_DIANA,30,5050,test,0.5138248847926268,2.021552801132202,692139.7820605467
ALLS_WELL_THAT_ENDS_WELL_FIRST_LORD,30,3651,test,0.46938775510204084,2.394001007080078,692139.7820605467
ALLS_WELL_THAT_ENDS_WELL_FIRST_SOLDIER,30,3146,test,0.5,2.037935733795166,692139.7820605467
ALLS_WELL_THAT_ENDS_WELL_HELENA,30,18616,test,0.536571747627024,1.9127901792526245,692139.7820605467
ALLS_WELL_THAT_ENDS_WELL_KING,30,15764,test,0.4960159362549801,2.068244457244873,692139.7820605467
ALLS_WELL_THAT_ENDS_WELL_LAFEU,30,11521,test,0.515263644773358,2.02028489112854,692139.7820605467
ALLS_WELL_THAT_ENDS_WELL_MARIANA,30,810,test,0.5,1.9665935039520264,692139.7820605467
ALLS_WELL_THAT_ENDS_WELL_PAROLLES,30,15816,test,0.5466578424884183,1.8654570579528809,692139.7820605467
ALLS_WELL_THAT_ENDS_WELL_SECOND_LORD,30,6747,test,0.5314569536423841,1.9753923416137695,692139.7820605467
ALLS_WELL_THAT_ENDS_WELL_STEWARD,30,1706,test,0.54,2.1805365085601807,692139.7820605467
ALLS_WELL_THAT_ENDS_WELL_WIDOW,30,2220,test,0.5033112582781457,1.8514069318771362,692139.7820605467
AS_YOU_LIKE_IT_ADAM,30,2525,test,0.5,2.1893420219421387,692139.7820605467
AS_YOU_LIKE_IT_CELIA,30,11201,test,0.5081029551954243,2.161263942718506,692139.7820605467
AS_YOU_LIKE_IT_CHARLES,30,1784,test,0.6018518518518519,1.767840027809143,692139.7820605467
AS_YOU_LIKE_IT_CORIN,30,2732,test,0.5665024630541872,2.061568260192871,692139.7820605467
AS_YOU_LIKE_IT_DUKE_SENIOR,30,5091,test,0.4520547945205479,2.4194037914276123,692139.7820605467
AS_YOU_LIKE_IT_FIRST_LORD,30,1779,test,0.5233644859813084,2.043903350830078,692139.7820605467
AS_YOU_LIKE_IT_FREDERICK,30,2715,test,0.5422885572139303,1.9644792079925537,692139.7820605467
AS_YOU_LIKE_IT_JAQUES,30,9556,test,0.4666666666666667,2.346299886703491,692139.7820605467
AS_YOU_LIKE_IT_LE_BEAU,30,1843,test,0.5614035087719298,1.654831051826477,692139.7820605467
AS_YOU_LIKE_IT_OLIVER,30,6097,test,0.536178107606679,1.9183279275894165,692139.7820605467
AS_YOU_LIKE_IT_ORLANDO,30,12327,test,0.5249569707401033,1.969691276550293,692139.7820605467
AS_YOU_LIKE_IT_PHEBE,30,3348,test,0.5113636363636364,2.2552523612976074,692139.7820605467
AS_YOU_LIKE_IT_ROSALIND,30,29302,test,0.5216783216783217,2.150333881378174,692139.7820605467
AS_YOU_LIKE_IT_SILVIUS,30,2607,test,0.5631578947368421,1.8815850019454956,692139.7820605467
AS_YOU_LIKE_IT_TOUCHSTONE,30,12198,test,0.46649260226283723,2.6268961429595947,692139.7820605467
A_MIDSUMMER_NIGHT_S_DREAM_BOTTOM,30,8626,test,0.45707070707070707,2.3328440189361572,692139.7820605467
A_MIDSUMMER_NIGHT_S_DREAM_DEMETRIUS,30,5407,test,0.4829787234042553,2.5330116748809814,692139.7820605467
A_MIDSUMMER_NIGHT_S_DREAM_EGEUS,30,1549,test,0.6547619047619048,1.4344885349273682,692139.7820605467
A_MIDSUMMER_NIGHT_S_DREAM_FAIRY,30,976,test,0.48148148148148145,2.874366521835327,692139.7820605467
A_MIDSUMMER_NIGHT_S_DREAM_FLUTE,30,801,test,0.2222222222222222,3.0092782974243164,692139.7820605467
A_MIDSUMMER_NIGHT_S_DREAM_HELENA,30,9316,test,0.4819976771196283,2.210085391998291,692139.7820605467
A_MIDSUMMER_NIGHT_S_DREAM_HERMIA,30,6581,test,0.4855195911413969,2.2771475315093994,692139.7820605467
A_MIDSUMMER_NIGHT_S_DREAM_HIPPOLYTA,30,1322,test,0.4838709677419355,2.1126105785369873,692139.7820605467
A_MIDSUMMER_NIGHT_S_DREAM_LYSANDER,30,7109,test,0.503125,2.1080241203308105,692139.7820605467
A_MIDSUMMER_NIGHT_S_DREAM_OBERON,30,8726,test,0.4451371571072319,2.4088053703308105,692139.7820605467
A_MIDSUMMER_NIGHT_S_DREAM_PHILOSTRATE,30,836,test,0.3076923076923077,3.698381185531616,692139.7820605467
A_MIDSUMMER_NIGHT_S_DREAM_PROLOGUE,30,1456,test,0.36,3.115161418914795,692139.7820605467
A_MIDSUMMER_NIGHT_S_DREAM_PUCK,30,7585,test,0.46656976744186046,2.328042984008789,692139.7820605467
A_MIDSUMMER_NIGHT_S_DREAM_PYRAMUS,30,1870,test,0.3620689655172414,3.1268346309661865,692139.7820605467
A_MIDSUMMER_NIGHT_S_DREAM_QUINCE,30,3473,test,0.44404332129963897,2.615565061569214,692139.7820605467
A_MIDSUMMER_NIGHT_S_DREAM_THESEUS,30,9771,test,0.4370860927152318,2.5355005264282227,692139.7820605467
A_MIDSUMMER_NIGHT_S_DREAM_THISBY,30,838,test,0.3076923076923077,3.621317148208618,692139.7820605467
A_MIDSUMMER_NIGHT_S_DREAM_TITANIA,30,5984,test,0.4564393939393939,2.5307207107543945,692139.7820605467
CYMBELINE_ARVIRAGUS,30,4747,test,0.4628712871287129,2.458052158355713,692139.7820605467
CYMBELINE_BELARIUS,30,13263,test,0.4785031847133758,2.251154899597168,692139.7820605467
CYMBELINE_CLOTEN,30,10794,test,0.4985133795837463,2.171293258666992,692139.7820605467
CYMBELINE_CORNELIUS,30,2758,test,0.5121951219512195,2.0456020832061768,692139.7820605467
CYMBELINE_CYMBELINE,30,10799,test,0.4707631318136769,2.3644392490386963,692139.7820605467
CYMBELINE_FIRST_GENTLEMAN,30,2571,test,0.5591397849462365,1.777624487876892,692139.7820605467
CYMBELINE_FIRST_LORD,30,823,test,0.75,1.2442717552185059,692139.7820605467
CYMBELINE_FRENCHMAN,30,830,test,0.5833333333333334,1.6236363649368286,692139.7820605467
CYMBELINE_GAOLER,30,1865,test,0.4827586206896552,2.299329996109009,692139.7820605467
CYMBELINE_GUIDERIUS,30,5585,test,0.4979508196721312,2.0951437950134277,692139.7820605467
CYMBELINE_IACHIMO,30,17293,test,0.47920433996383366,2.3266477584838867,692139.7820605467
CYMBELINE_IMOGEN,30,23267,test,0.5048758865248227,2.147552967071533,692139.7820605467
CYMBELINE_JUPITER,30,734,test,0.6666666666666666,2.1300642490386963,692139.7820605467
CYMBELINE_LUCIUS,30,3740,test,0.4521452145214521,2.322222948074341,692139.7820605467
CYMBELINE_PHILARIO,30,1406,test,0.5714285714285714,1.8598577976226807,692139.7820605467
CYMBELINE_PISANIO,30,7843,test,0.5042016806722689,2.0766727924346924,692139.7820605467
CYMBELINE_POSTHUMUS,30,18332,test,0.47362450368689735,2.3389575481414795,692139.7820605467
CYMBELINE_QUEEN,30,6533,test,0.4939965694682676,2.173677682876587,692139.7820605467
CYMBELINE_SECOND_LORD,30,1627,test,0.6195652173913043,1.7181997299194336,692139.7820605467
CYMBELINE_SICILIUS,30,1134,test,0.4186046511627907,3.4693763256073,692139.7820605467
CYMBELINE_SOOTHSAYER,30,1662,test,0.5104166666666666,2.2480595111846924,692139.7820605467
KING_HENRY_THE_EIGHTH_ANNE,30,1835,test,0.584070796460177,2.0060784816741943,692139.7820605467
KING_HENRY_THE_EIGHTH_BUCKINGHAM,30,7629,test,0.49277456647398843,2.108548641204834,692139.7820605467
KING_HENRY_THE_EIGHTH_CAMPEIUS,30,1884,test,0.5508474576271186,1.7378056049346924,692139.7820605467
KING_HENRY_THE_EIGHTH_CHAMBERLAIN,30,5877,test,0.44294003868471954,2.3654680252075195,692139.7820605467
KING_HENRY_THE_EIGHTH_CHANCELLOR,30,986,test,0.42857142857142855,2.660036325454712,692139.7820605467
KING_HENRY_THE_EIGHTH_CRANMER,30,5395,test,0.5010660980810234,2.0561394691467285,692139.7820605467
KING_HENRY_THE_EIGHTH_CROMWELL,30,1486,test,0.5,2.246532440185547,692139.7820605467
KING_HENRY_THE_EIGHTH_FIRST_GENTLEMAN,30,3702,test,0.53,2.3234593868255615,692139.7820605467
KING_HENRY_THE_EIGHTH_GARDINER,30,3398,test,0.5204460966542751,1.9456106424331665,692139.7820605467
KING_HENRY_THE_EIGHTH_GRIFFITH,30,2980,test,0.4801762114537445,2.2499544620513916,692139.7820605467
KING_HENRY_THE_EIGHTH_KATHARINE,30,4534,test,0.5013054830287206,2.222141742706299,692139.7820605467
KING_HENRY_THE_EIGHTH_KING,30,19065,test,0.5027233115468409,2.233135461807251,692139.7820605467
KING_HENRY_THE_EIGHTH_LOVELL,30,2510,test,0.48333333333333334,2.135038137435913,692139.7820605467
KING_HENRY_THE_EIGHTH_MAN,30,1671,test,0.5625,2.005345582962036,692139.7820605467
KING_HENRY_THE_EIGHTH_NORFOLK,30,8188,test,0.5508021390374331,1.8981120586395264,692139.7820605467
KING_HENRY_THE_EIGHTH_OLD_LADY,30,2470,test,0.5284090909090909,2.205744743347168,692139.7820605467
KING_HENRY_THE_EIGHTH_PORTER,30,1379,test,0.43283582089552236,3.1700997352600098,692139.7820605467
KING_HENRY_THE_EIGHTH_QUEEN_KATHARINE,30,11059,test,0.5091787439613527,2.104871988296509,692139.7820605467
KING_HENRY_THE_EIGHTH_SANDYS,30,1718,test,0.43564356435643564,2.287451982498169,692139.7820605467
KING_HENRY_THE_EIGHTH_SECOND_GENTLEMAN,30,4142,test,0.5116279069767442,2.1909329891204834,692139.7820605467
KING_HENRY_THE_EIGHTH_SUFFOLK,30,3255,test,0.5372549019607843,1.9634941816329956,692139.7820605467
KING_HENRY_THE_EIGHTH_SURREY,30,2702,test,0.535,1.8723232746124268,692139.7820605467
KING_HENRY_THE_EIGHTH_SURVEYOR,30,2287,test,0.3924050632911392,2.6329874992370605,692139.7820605467
KING_HENRY_THE_EIGHTH_THIRD_GENTLEMAN,30,2110,test,0.4928571428571429,2.0171165466308594,692139.7820605467
KING_HENRY_THE_EIGHTH_WOLSEY,30,17402,test,0.47365269461077847,2.3286187648773193,692139.7820605467
KING_JOHN_ARTHUR,30,4839,test,0.4188861985472155,2.5006868839263916,692139.7820605467
KING_JOHN_AUSTRIA,30,1270,test,0.32142857142857145,2.5977025032043457,692139.7820605467
KING_JOHN_BASTARD,30,21650,test,0.49522445081184335,2.213369846343994,692139.7820605467
KING_JOHN_BLANCH,30,1561,test,0.4588235294117647,1.983275294303894,692139.7820605467
KING_JOHN_CHATILLON,30,1590,test,0.4318181818181818,2.4275546073913574,692139.7820605467
KING_JOHN_CITIZEN,30,2674,test,0.45685279187817257,2.533571481704712,692139.7820605467
KING_JOHN_CONSTANCE,30,11089,test,0.4836223506743738,2.2258310317993164,692139.7820605467
ALLS_WELL_THAT_ENDS_WELL_BERTRAM,40,10459,test,0.48923076923076925,2.150252342224121,895138.3744140622
ALLS_WELL_THAT_ENDS_WELL_CLOWN,40,8312,test,0.5124835742444153,2.1550216674804688,895138.3744140622
ALLS_WELL_THAT_ENDS_WELL_COUNTESS,40,11419,test,0.5032679738562091,2.1118085384368896,895138.3744140622
ALLS_WELL_THAT_ENDS_WELL_DIANA,40,5050,test,0.49539170506912444,2.158870220184326,895138.3744140622
ALLS_WELL_THAT_ENDS_WELL_FIRST_LORD,40,3651,test,0.445578231292517,2.4093010425567627,895138.3744140622
ALLS_WELL_THAT_ENDS_WELL_FIRST_SOLDIER,40,3146,test,0.5122950819672131,1.9777418375015259,895138.3744140622
ALLS_WELL_THAT_ENDS_WELL_HELENA,40,18616,test,0.5577889447236181,1.866758108139038,895138.3744140622
ALLS_WELL_THAT_ENDS_WELL_KING,40,15764,test,0.4946879150066401,2.1128692626953125,895138.3744140622
ALLS_WELL_THAT_ENDS_WELL_LAFEU,40,11521,test,0.5032377428307123,2.114281415939331,895138.3744140622
ALLS_WELL_THAT_ENDS_WELL_MARIANA,40,810,test,0.6,1.4342918395996094,895138.3744140622
ALLS_WELL_THAT_ENDS_WELL_PAROLLES,40,15816,test,0.5704831237590999,1.8349196910858154,895138.3744140622
ALLS_WELL_THAT_ENDS_WELL_SECOND_LORD,40,6747,test,0.543046357615894,1.8607980012893677,895138.3744140622
ALLS_WELL_THAT_ENDS_WELL_STEWARD,40,1706,test,0.51,2.029609441757202,895138.3744140622
ALLS_WELL_THAT_ENDS_WELL_WIDOW,40,2220,test,0.5298013245033113,1.8326739072799683,895138.3744140622
AS_YOU_LIKE_IT_ADAM,40,2525,test,0.5054945054945055,2.024210214614868,895138.3744140622
AS_YOU_LIKE_IT_CELIA,40,11201,test,0.5185891325071497,2.0779643058776855,895138.3744140622
AS_YOU_LIKE_IT_CHARLES,40,1784,test,0.5925925925925926,1.6716636419296265,895138.3744140622
AS_YOU_LIKE_IT_CORIN,40,2732,test,0.5467980295566502,1.8896334171295166,895138.3744140622
AS_YOU_LIKE_IT_DUKE_SENIOR,40,5091,test,0.4383561643835616,2.3825833797454834,895138.3744140622
AS_YOU_LIKE_IT_FIRST_LORD,40,1779,test,0.5420560747663551,1.8800824880599976,895138.3744140622
AS_YOU_LIKE_IT_FREDERICK,40,2715,test,0.5223880597014925,2.0904409885406494,895138.3744140622
AS_YOU_LIKE_IT_JAQUES,40,9556,test,0.5005649717514125,2.191671371459961,895138.3744140622
AS_YOU_LIKE_IT_LE_BEAU,40,1843,test,0.5789473684210527,1.6577041149139404,895138.3744140622
AS_YOU_LIKE_IT_OLIVER,40,6097,test,0.5584415584415584,1.7683485746383667,895138.3744140622
AS_YOU_LIKE_IT_ORLANDO,40,12327,test,0.5473321858864028,1.838155746459961,895138.3744140622
AS_YOU_LIKE_IT_PHEBE,40,3348,test,0.4734848484848485,2.0743181705474854,895138.3744140622
AS_YOU_LIKE_IT_ROSALIND,40,29302,test,0.5325174825174825,2.0245771408081055,895138.3744140622
AS_YOU_LIKE_IT_SILVIUS,40,2607,test,0.5210526315789473,2.0002248287200928,895138.3744140622
AS_YOU_LIKE_IT_TOUCHSTONE,40,12198,test,0.4751958224543081,2.37302303314209,895138.3744140622
A_MIDSUMMER_NIGHT_S_DREAM_BOTTOM,40,8626,test,0.49747474747474746,2.1959333419799805,895138.3744140622
A_MIDSUMMER_NIGHT_S_DREAM_DEMETRIUS,40,5407,test,0.474468085106383,2.3205807209014893,895138.3744140622
A_MIDSUMMER_NIGHT_S_DREAM_EGEUS,40,1549,test,0.6309523809523809,1.388293743133545,895138.3744140622
A_MIDSUMMER_NIGHT_S_DREAM_FAIRY,40,976,test,0.48148148148148145,2.7929019927978516,895138.3744140622
A_MIDSUMMER_NIGHT_S_DREAM_FLUTE,40,801,test,0.2222222222222222,2.379744529724121,895138.3744140622
A_MIDSUMMER_NIGHT_S_DREAM_HELENA,40,9316,test,0.502903600464576,2.1525380611419678,895138.3744140622
A_MIDSUMMER_NIGHT_S_DREAM_HERMIA,40,6581,test,0.5059625212947189,2.074371576309204,895138.3744140622
A_MIDSUMMER_NIGHT_S_DREAM_HIPPOLYTA,40,1322,test,0.5,2.2050440311431885,895138.3744140622
A_MIDSUMMER_NIGHT_S_DREAM_LYSANDER,40,7109,test,0.5140625,2.0488593578338623,895138.3744140622
A_MIDSUMMER_NIGHT_S_DREAM_OBERON,40,8726,test,0.45760598503740646,2.3338356018066406,895138.3744140622
A_MIDSUMMER_NIGHT_S_DREAM_PHILOSTRATE,40,836,test,0.23076923076923078,3.1926984786987305,895138.3744140622
A_MIDSUMMER_NIGHT_S_DREAM_PROLOGUE,40,1456,test,0.37333333333333335,3.0947744846343994,895138.3744140622
A_MIDSUMMER_NIGHT_S_DREAM_PUCK,40,7585,test,0.4752906976744186,2.1886520385742188,895138.3744140622
A_MIDSUMMER_NIGHT_S_DREAM_PYRAMUS,40,1870,test,0.35344827586206895,2.9561121463775635,895138.3744140622
A_MIDSUMMER_NIGHT_S_DREAM_QUINCE,40,3473,test,0.44404332129963897,2.42126202583313,895138.3744140622
A_MIDSUMMER_NIGHT_S_DREAM_THESEUS,40,9771,test,0.45253863134657835,2.442931890487671,895138.3744140622
A_MIDSUMMER_NIGHT_S_DREAM_THISBY,40,838,test,0.23076923076923078,3.591479778289795,895138.3744140622
A_MIDSUMMER_NIGHT_S_DREAM_TITANIA,40,5984,test,0.4602272727272727,2.4559073448181152,895138.3744140622
CYMBELINE_ARVIRAGUS,40,4747,test,0.48267326732673266,2.3706672191619873,895138.3744140622
CYMBELINE_BELARIUS,40,13263,test,0.5015923566878981,2.104637861251831,895138.3744140622
CYMBELINE_CLOTEN,40,10794,test,0.5232903865213082,2.117943048477173,895138.3744140622
CYMBELINE_CORNELIUS,40,2758,test,0.5024390243902439,1.9717720746994019,895138.3744140622
CYMBELINE_CYMBELINE,40,10799,test,0.47770069375619423,2.3723902702331543,895138.3744140622
CYMBELINE_FIRST_GENTLEMAN,40,2571,test,0.5860215053763441,1.725778341293335,895138.3744140622
CYMBELINE_FIRST_LORD,40,823,test,0.6666666666666666,1.3972970247268677,895138.3744140622
CYMBELINE_FRENCHMAN,40,830,test,0.6666666666666666,1.9641510248184204,895138.3744140622
CYMBELINE_GAOLER,40,1865,test,0.49137931034482757,2.213996410369873,895138.3744140622
CYMBELINE_GUIDERIUS,40,5585,test,0.5102459016393442,2.082406997680664,895138.3744140622
CYMBELINE_IACHIMO,40,17293,test,0.4822182037371911,2.268704891204834,895138.3744140622
CYMBELINE_IMOGEN,40,23267,test,0.5110815602836879,2.1166889667510986,895138.3744140622
CYMBELINE_JUPITER,40,734,test,0.6666666666666666,2.2134368419647217,895138.3744140622
CYMBELINE_LUCIUS,40,3740,test,0.49174917491749176,2.1079764366149902,895138.3744140622
CYMBELINE_PHILARIO,40,1406,test,0.5428571428571428,1.883845329284668,895138.3744140622
CYMBELINE_PISANIO,40,7843,test,0.5154061624649859,2.02038311958313,895138.3744140622
CYMBELINE_POSTHUMUS,40,18332,test,0.48893930799773117,2.2545876502990723,895138.3744140622
CYMBELINE_QUEEN,40,6533,test,0.5008576329331046,2.148719072341919,895138.3744140622
CYMBELINE_SECOND_LORD,40,1627,test,0.6086956521739131,1.6818903684616089,895138.3744140622
CYMBELINE_SICILIUS,40,1134,test,0.4418604651162791,2.935990810394287,895138.3744140622
CYMBELINE_SOOTHSAYER,40,1662,test,0.46875,2.161085844039917,895138.3744140622
KING_HENRY_THE_EIGHTH_ANNE,40,1835,test,0.5752212389380531,1.9628363847732544,895138.3744140622
KING_HENRY_THE_EIGHTH_BUCKINGHAM,40,7629,test,0.5014450867052023,2.103278875350952,895138.3744140622
KING_HENRY_THE_EIGHTH_CAMPEIUS,40,1884,test,0.559322033898305,1.7711539268493652,895138.3744140622
KING_HENRY_THE_EIGHTH_CHAMBERLAIN,40,5877,test,0.4738878143133462,2.371790647506714,895138.3744140622
KING_HENRY_THE_EIGHTH_CHANCELLOR,40,986,test,0.2857142857142857,3.606607675552368,895138.3744140622
KING_HENRY_THE_EIGHTH_CRANMER,40,5395,test,0.5138592750533049,2.1475701332092285,895138.3744140622
KING_HENRY_THE_EIGHTH_CROMWELL,40,1486,test,0.47435897435897434,2.1819324493408203,895138.3744140622
KING_HENRY_THE_EIGHTH_FIRST_GENTLEMAN,40,3702,test,0.5433333333333333,2.1040825843811035,895138.3744140622
KING_HENRY_THE_EIGHTH_GARDINER,40,3398,test,0.5315985130111525,1.9377459287643433,895138.3744140622
KING_HENRY_THE_EIGHTH_GRIFFITH,40,2980,test,0.5022026431718062,2.0616047382354736,895138.3744140622
KING_HENRY_THE_EIGHTH_KATHARINE,40,4534,test,0.5195822454308094,2.2446277141571045,895138.3744140622
KING_HENRY_THE_EIGHTH_KING,40,19065,test,0.4880174291938998,2.2261033058166504,895138.3744140622
KING_HENRY_THE_EIGHTH_LOVELL,40,2510,test,0.4722222222222222,2.0939066410064697,895138.3744140622
KING_HENRY_THE_EIGHTH_MAN,40,1671,test,0.5,2.2219088077545166,895138.3744140622
KING_HENRY_THE_EIGHTH_NORFOLK,40,8188,test,0.5481283422459893,1.8979743719100952,895138.3744140622
KING_HENRY_THE_EIGHTH_OLD_LADY,40,2470,test,0.5227272727272727,2.4040238857269287,895138.3744140622
KING_HENRY_THE_EIGHTH_PORTER,40,1379,test,0.43283582089552236,2.421759843826294,895138.3744140622
KING_HENRY_THE_EIGHTH_QUEEN_KATHARINE,40,11059,test,0.5342995169082125,1.9742779731750488,895138.3744140622
KING_HENRY_THE_EIGHTH_SANDYS,40,1718,test,0.46534653465346537,2.1805129051208496,895138.3744140622
KING_HENRY_THE_EIGHTH_SECOND_GENTLEMAN,40,4142,test,0.49709302325581395,2.1236348152160645,895138.3744140622
KING_HENRY_THE_EIGHTH_SUFFOLK,40,3255,test,0.5450980392156862,1.9986625909805298,895138.3744140622
KING_HENRY_THE_EIGHTH_SURREY,40,2702,test,0.55,1.8404972553253174,895138.3744140622
KING_HENRY_THE_EIGHTH_SURVEYOR,40,2287,test,0.46835443037974683,2.5311453342437744,895138.3744140622
KING_HENRY_THE_EIGHTH_THIRD_GENTLEMAN,40,2110,test,0.5214285714285715,2.0496816635131836,895138.3744140622
KING_HENRY_THE_EIGHTH_WOLSEY,40,17402,test,0.47784431137724553,2.2282683849334717,895138.3744140622
KING_JOHN_ARTHUR,40,4839,test,0.4552058111380145,2.2786448001861572,895138.3744140622
KING_JOHN_AUSTRIA,40,1270,test,0.42857142857142855,2.9506068229675293,895138.3744140622
KING_JOHN_BASTARD,40,21650,test,0.4933142311365807,2.150376081466675,895138.3744140622
KING_JOHN_BLANCH,40,1561,test,0.4588235294117647,2.0311825275421143,895138.3744140622
KING_JOHN_CHATILLON,40,1590,test,0.4318181818181818,2.5277726650238037,895138.3744140622
KING_JOHN_CITIZEN,40,2674,test,0.4517766497461929,2.560596466064453,895138.3744140622
KING_JOHN_CONSTANCE,40,11089,test,0.5057803468208093,2.142820119857788,895138.3744140622
ALLS_WELL_THAT_ENDS_WELL_BERTRAM,50,10459,test,0.49948717948717947,2.3913497924804688,1135058.056767578
ALLS_WELL_THAT_ENDS_WELL_CLOWN,50,8312,test,0.48751642575558474,2.2983410358428955,1135058.056767578
ALLS_WELL_THAT_ENDS_WELL_COUNTESS,50,11419,test,0.5107376283846872,2.1950089931488037,1135058.056767578
ALLS_WELL_THAT_ENDS_WELL_DIANA,50,5050,test,0.4838709677419355,2.2394795417785645,1135058.056767578
ALLS_WELL_THAT_ENDS_WELL_FIRST_LORD,50,3651,test,0.47959183673469385,2.520491600036621,1135058.056767578
ALLS_WELL_THAT_ENDS_WELL_FIRST_SOLDIER,50,3146,test,0.5040983606557377,2.110126256942749,1135058.056767578
ALLS_WELL_THAT_ENDS_WELL_HELENA,50,18616,test,0.5678391959798995,1.8765151500701904,1135058.056767578
ALLS_WELL_THAT_ENDS_WELL_KING,50,15764,test,0.5073041168658698,2.166431188583374,1135058.056767578
ALLS_WELL_THAT_ENDS_WELL_LAFEU,50,11521,test,0.5050878815911193,2.232654333114624,1135058.056767578
ALLS_WELL_THAT_ENDS_WELL_MARIANA,50,810,test,0.4,1.7643496990203857,1135058.056767578
ALLS_WELL_THAT_ENDS_WELL_PAROLLES,50,15816,test,0.5618795499669094,1.938116431236267,1135058.056767578
ALLS_WELL_THAT_ENDS_WELL_SECOND_LORD,50,6747,test,0.5314569536423841,1.930905818939209,1135058.056767578
ALLS_WELL_THAT_ENDS_WELL_STEWARD,50,1706,test,0.55,1.9908326864242554,1135058.056767578
ALLS_WELL_THAT_ENDS_WELL_WIDOW,50,2220,test,0.4966887417218543,1.9926191568374634,1135058.056767578
AS_YOU_LIKE_IT_ADAM,50,2525,test,0.4725274725274725,2.2204253673553467,1135058.056767578
AS_YOU_LIKE_IT_CELIA,50,11201,test,0.49952335557673977,2.1950433254241943,1135058.056767578
AS_YOU_LIKE_IT_CHARLES,50,1784,test,0.5462962962962963,1.6241644620895386,1135058.056767578
AS_YOU_LIKE_IT_CORIN,50,2732,test,0.5073891625615764,2.12168025970459,1135058.056767578
AS_YOU_LIKE_IT_DUKE_SENIOR,50,5091,test,0.4863013698630137,2.367722511291504,1135058.056767578
AS_YOU_LIKE_IT_FIRST_LORD,50,1779,test,0.5327102803738317,2.251140832901001,1135058.056767578
AS_YOU_LIKE_IT_FREDERICK,50,2715,test,0.5124378109452736,2.3183975219726562,1135058.056767578
AS_YOU_LIKE_IT_JAQUES,50,9556,test,0.5152542372881356,2.195957660675049,1135058.056767578
AS_YOU_LIKE_IT_LE_BEAU,50,1843,test,0.5877192982456141,1.6973737478256226,1135058.056767578
AS_YOU_LIKE_IT_OLIVER,50,6097,test,0.5714285714285714,1.8289448022842407,1135058.056767578
AS_YOU_LIKE_IT_ORLANDO,50,12327,test,0.5413080895008606,1.960160493850708,1135058.056767578
AS_YOU_LIKE_IT_PHEBE,50,3348,test,0.5113636363636364,2.2182953357696533,1135058.056767578
AS_YOU_LIKE_IT_ROSALIND,50,29302,test,0.5265734265734265,2.143303632736206,1135058.056767578
AS_YOU_LIKE_IT_SILVIUS,50,2607,test,0.5473684210526316,1.9396545886993408,1135058.056767578
AS_YOU_LIKE_IT_TOUCHSTONE,50,12198,test,0.47780678851174935,2.5850367546081543,1135058.056767578
A_MIDSUMMER_NIGHT_S_DREAM_BOTTOM,50,8626,test,0.5227272727272727,2.262575149536133,1135058.056767578
A_MIDSUMMER_NIGHT_S_DREAM_DEMETRIUS,50,5407,test,0.48936170212765956,2.3462390899658203,1135058.056767578
A_MIDSUMMER_NIGHT_S_DREAM_EGEUS,50,1549,test,0.6785714285714286,1.5450068712234497,1135058.056767578
A_MIDSUMMER_NIGHT_S_DREAM_FAIRY,50,976,test,0.5555555555555556,2.626729965209961,1135058.056767578
A_MIDSUMMER_NIGHT_S_DREAM_FLUTE,50,801,test,0.2222222222222222,3.5483157634735107,1135058.056767578
A_MIDSUMMER_NIGHT_S_DREAM_HELENA,50,9316,test,0.4994192799070848,2.2430219650268555,1135058.056767578
A_MIDSUMMER_NIGHT_S_DREAM_HERMIA,50,6581,test,0.5127768313458262,2.259434700012207,1135058.056767578
A_MIDSUMMER_NIGHT_S_DREAM_HIPPOLYTA,50,1322,test,0.4838709677419355,2.021369695663452,1135058.056767578
A_MIDSUMMER_NIGHT_S_DREAM_LYSANDER,50,7109,test,0.5078125,2.1361727714538574,1135058.056767578
A_MIDSUMMER_NIGHT_S_DREAM_OBERON,50,8726,test,0.4850374064837905,2.4398467540740967,1135058.056767578
A_MIDSUMMER_NIGHT_S_DREAM_PHILOSTRATE,50,836,test,0.46153846153846156,3.2536585330963135,1135058.056767578
A_MIDSUMMER_NIGHT_S_DREAM_PROLOGUE,50,1456,test,0.36,3.306495428085327,1135058.056767578
A_MIDSUMMER_NIGHT_S_DREAM_PUCK,50,7585,test,0.498546511627907,2.3263041973114014,1135058.056767578
A_MIDSUMMER_NIGHT_S_DREAM_PYRAMUS,50,1870,test,0.3620689655172414,3.024867057800293,1135058.056767578
A_MIDSUMMER_NIGHT_S_DREAM_QUINCE,50,3473,test,0.516245487364621,2.1838247776031494,1135058.056767578
A_MIDSUMMER_NIGHT_S_DREAM_THESEUS,50,9771,test,0.46799116997792495,2.4717977046966553,1135058.056767578
A_MIDSUMMER_NIGHT_S_DREAM_THISBY,50,838,test,0.3076923076923077,3.245856761932373,1135058.056767578
A_MIDSUMMER_NIGHT_S_DREAM_TITANIA,50,5984,test,0.4678030303030303,2.6041877269744873,1135058.056767578
CYMBELINE_ARVIRAGUS,50,4747,test,0.4801980198019802,2.544705629348755,1135058.056767578
CYMBELINE_BELARIUS,50,13263,test,0.5063694267515924,2.2344813346862793,1135058.056767578
CYMBELINE_CLOTEN,50,10794,test,0.5193260654112983,2.138105630874634,1135058.056767578
CYMBELINE_CORNELIUS,50,2758,test,0.5317073170731708,2.1574783325195312,1135058.056767578
CYMBELINE_CYMBELINE,50,10799,test,0.4796828543111992,2.5281028747558594,1135058.056767578
CYMBELINE_FIRST_GENTLEMAN,50,2571,test,0.6505376344086021,1.7671902179718018,1135058.056767578
CYMBELINE_FIRST_LORD,50,823,test,0.75,1.3040705919265747,1135058.056767578
CYMBELINE_FRENCHMAN,50,830,test,0.5833333333333334,2.322486162185669,1135058.056767578
CYMBELINE_GAOLER,50,1865,test,0.5172413793103449,2.149049997329712,1135058.056767578
CYMBELINE_GUIDERIUS,50,5585,test,0.4959016393442623,2.174870729446411,1135058.056767578
CYMBELINE_IACHIMO,50,17293,test,0.48402652200120555,2.3850209712982178,1135058.056767578
CYMBELINE_IMOGEN,50,23267,test,0.5168439716312057,2.132901668548584,1135058.056767578
CYMBELINE_JUPITER,50,734,test,0.6666666666666666,2.2806684970855713,1135058.056767578
CYMBELINE_LUCIUS,50,3740,test,0.46204620462046203,2.3695621490478516,1135058.056767578
CYMBELINE_PHILARIO,50,1406,test,0.5857142857142857,1.899235725402832,1135058.056767578
CYMBELINE_PISANIO,50,7843,test,0.5238095238095238,2.105431318283081,1135058.056767578
CYMBELINE_POSTHUMUS,50,18332,test,0.4900737379466818,2.3657522201538086,1135058.056767578
CYMBELINE_QUEEN,50,6533,test,0.5025728987993139,2.268026113510132,1135058.056767578
CYMBELINE_SECOND_LORD,50,1627,test,0.5434782608695652,1.6471302509307861,1135058.056767578
CYMBELINE_SICILIUS,50,1134,test,0.3953488372093023,2.963142156600952,1135058.056767578
CYMBELINE_SOOTHSAYER,50,1662,test,0.4583333333333333,2.3144261837005615,1135058.056767578
KING_HENRY_THE_EIGHTH_ANNE,50,1835,test,0.584070796460177,2.086062431335449,1135058.056767578
KING_HENRY_THE_EIGHTH_BUCKINGHAM,50,7629,test,0.5274566473988439,2.116732120513916,1135058.056767578
KING_HENRY_THE_EIGHTH_CAMPEIUS,50,1884,test,0.5338983050847458,1.8234039545059204,1135058.056767578
KING_HENRY_THE_EIGHTH_CHAMBERLAIN,50,5877,test,0.4622823984526112,2.5305252075195312,1135058.056767578
KING_HENRY_THE_EIGHTH_CHANCELLOR,50,986,test,0.35714285714285715,3.13460111618042,1135058.056767578
KING_HENRY_THE_EIGHTH_CRANMER,50,5395,test,0.5223880597014925,2.1773104667663574,1135058.056767578
KING_HENRY_THE_EIGHTH_CROMWELL,50,1486,test,0.5897435897435898,1.8319604396820068,1135058.056767578
KING_HENRY_THE_EIGHTH_FIRST_GENTLEMAN,50,3702,test,0.5166666666666667,2.357668399810791,1135058.056767578
KING_HENRY_THE_EIGHTH_GARDINER,50,3398,test,0.5539033457249071,1.8057637214660645,1135058.056767578
KING_HENRY_THE_EIGHTH_GRIFFITH,50,2980,test,0.4801762114537445,2.3324978351593018,1135058.056767578
KING_HENRY_THE_EIGHTH_KATHARINE,50,4534,test,0.5221932114882507,2.3803555965423584,1135058.056767578
KING_HENRY_THE_EIGHTH_KING,50,19065,test,0.5081699346405228,2.1795098781585693,1135058.056767578
KING_HENRY_THE_EIGHTH_LOVELL,50,2510,test,0.4777777777777778,2.2341103553771973,1135058.056767578
KING_HENRY_THE_EIGHTH_MAN,50,1671,test,0.5104166666666666,2.3091371059417725,1135058.056767578
KING_HENRY_THE_EIGHTH_NORFOLK,50,8188,test,0.5574866310160428,1.9366347789764404,1135058.056767578
KING_HENRY_THE_EIGHTH_OLD_LADY,50,2470,test,0.4943181818181818,2.3544137477874756,1135058.056767578
KING_HENRY_THE_EIGHTH_PORTER,50,1379,test,0.44776119402985076,2.5795340538024902,1135058.056767578
KING_HENRY_THE_EIGHTH_QUEEN_KATHARINE,50,11059,test,0.5352657004830917,2.069305419921875,1135058.056767578
KING_HENRY_THE_EIGHTH_SANDYS,50,1718,test,0.4752475247524752,2.551210880279541,1135058.056767578
KING_HENRY_THE_EIGHTH_SECOND_GENTLEMAN,50,4142,test,0.502906976744186,2.116298198699951,1135058.056767578
KING_HENRY_THE_EIGHTH_SUFFOLK,50,3255,test,0.5647058823529412,1.885451078414917,1135058.056767578
KING_HENRY_THE_EIGHTH_SURREY,50,2702,test,0.545,1.891158103942871,1135058.056767578
KING_HENRY_THE_EIGHTH_SURVEYOR,50,2287,test,0.43670886075949367,2.4939632415771484,1135058.056767578
KING_HENRY_THE_EIGHTH_THIRD_GENTLEMAN,50,2110,test,0.5642857142857143,2.1023447513580322,1135058.056767578
KING_HENRY_THE_EIGHTH_WOLSEY,50,17402,test,0.4934131736526946,2.3251073360443115,1135058.056767578
KING_JOHN_ARTHUR,50,4839,test,0.46731234866828086,2.4670498371124268,1135058.056767578
KING_JOHN_AUSTRIA,50,1270,test,0.375,3.177805185317993,1135058.056767578
KING_JOHN_BASTARD,50,21650,test,0.5085959885386819,2.17596697807312,1135058.056767578
KING_JOHN_BLANCH,50,1561,test,0.43529411764705883,2.295072317123413,1135058.056767578
KING_JOHN_CHATILLON,50,1590,test,0.4090909090909091,2.901106119155884,1135058.056767578
KING_JOHN_CITIZEN,50,2674,test,0.4365482233502538,2.605832815170288,1135058.056767578
KING_JOHN_CONSTANCE,50,11089,test,0.5028901734104047,2.124887466430664,1135058.056767578
ALLS_WELL_THAT_ENDS_WELL_BERTRAM,60,10459,test,0.49846153846153846,2.311933994293213,1356374.0891210935
ALLS_WELL_THAT_ENDS_WELL_CLOWN,60,8312,test,0.5308804204993429,2.2630279064178467,1356374.0891210935
ALLS_WELL_THAT_ENDS_WELL_COUNTESS,60,11419,test,0.5219421101774043,2.1405410766601562,1356374.0891210935
ALLS_WELL_THAT_ENDS_WELL_DIANA,60,5050,test,0.4539170506912442,2.2790608406066895,1356374.0891210935
ALLS_WELL_THAT_ENDS_WELL_FIRST_LORD,60,3651,test,0.48299319727891155,2.3666775226593018,1356374.0891210935
ALLS_WELL_THAT_ENDS_WELL_FIRST_SOLDIER,60,3146,test,0.48770491803278687,2.1655280590057373,1356374.0891210935
ALLS_WELL_THAT_ENDS_WELL_HELENA,60,18616,test,0.5600223338916807,1.8416589498519897,1356374.0891210935
ALLS_WELL_THAT_ENDS_WELL_KING,60,15764,test,0.50132802124834,2.185776710510254,1356374.0891210935
ALLS_WELL_THAT_ENDS_WELL_LAFEU,60,11521,test,0.517113783533765,2.147091865539551,1356374.0891210935
ALLS_WELL_THAT_ENDS_WELL_MARIANA,60,810,test,0.8,1.2967562675476074,1356374.0891210935
ALLS_WELL_THAT_ENDS_WELL_PAROLLES,60,15816,test,0.5612177365982793,1.9657996892929077,1356374.0891210935
ALLS_WELL_THAT_ENDS_WELL_SECOND_LORD,60,6747,test,0.5397350993377483,1.9615377187728882,1356374.0891210935
ALLS_WELL_THAT_ENDS_WELL_STEWARD,60,1706,test,0.53,1.9978594779968262,1356374.0891210935
ALLS_WELL_THAT_ENDS_WELL_WIDOW,60,2220,test,0.4768211920529801,2.050323486328125,1356374.0891210935
AS_YOU_LIKE_IT_ADAM,60,2525,test,0.521978021978022,2.1444764137268066,1356374.0891210935
AS_YOU_LIKE_IT_CELIA,60,11201,test,0.5309818875119161,2.1575024127960205,1356374.0891210935
AS_YOU_LIKE_IT_CHARLES,60,1784,test,0.5370370370370371,1.648541808128357,1356374.0891210935
AS_YOU_LIKE_IT_CORIN,60,2732,test,0.5369458128078818,1.9533464908599854,1356374.0891210935
AS_YOU_LIKE_IT_DUKE_SENIOR,60,5091,test,0.4817351598173516,2.3639230728149414,1356374.0891210935
AS_YOU_LIKE_IT_FIRST_LORD,60,1779,test,0.4953271028037383,2.2214581966400146,1356374.0891210935
AS_YOU_LIKE_IT_FREDERICK,60,2715,test,0.5174129353233831,2.168050765991211,1356374.0891210935
AS_YOU_LIKE_IT_JAQUES,60,9556,test,0.49491525423728816,2.1718242168426514,1356374.0891210935
AS_YOU_LIKE_IT_LE_BEAU,60,1843,test,0.5701754385964912,1.7993946075439453,1356374.0891210935
AS_YOU_LIKE_IT_OLIVER,60,6097,test,0.5584415584415584,1.8158962726593018,1356374.0891210935
AS_YOU_LIKE_IT_ORLANDO,60,12327,test,0.5507745266781411,1.880767583847046,1356374.0891210935
AS_YOU_LIKE_IT_PHEBE,60,3348,test,0.4659090909090909,2.283906936645508,1356374.0891210935
AS_YOU_LIKE_IT_ROSALIND,60,29302,test,0.5395104895104895,2.087505578994751,1356374.0891210935
AS_YOU_LIKE_IT_SILVIUS,60,2607,test,0.49473684210526314,2.0601656436920166,1356374.0891210935
AS_YOU_LIKE_IT_TOUCHSTONE,60,12198,test,0.48389904264577893,2.5824806690216064,1356374.0891210935
A_MIDSUMMER_NIGHT_S_DREAM_BOTTOM,60,8626,test,0.49747474747474746,2.337451457977295,1356374.0891210935
A_MIDSUMMER_NIGHT_S_DREAM_DEMETRIUS,60,5407,test,0.502127659574468,2.2656190395355225,1356374.0891210935
A_MIDSUMMER_NIGHT_S_DREAM_EGEUS,60,1549,test,0.5952380952380952,1.6608405113220215,1356374.0891210935
A_MIDSUMMER_NIGHT_S_DREAM_FAIRY,60,976,test,0.5185185185185185,2.694937229156494,1356374.0891210935
A_MIDSUMMER_NIGHT_S_DREAM_FLUTE,60,801,test,0.2222222222222222,2.489349365234375,1356374.0891210935
A_MIDSUMMER_NIGHT_S_DREAM_HELENA,60,9316,test,0.5075493612078978,2.243553400039673,1356374.0891210935
A_MIDSUMMER_NIGHT_S_DREAM_HERMIA,60,6581,test,0.5212947189097104,2.268444776535034,1356374.0891210935
A_MIDSUMMER_NIGHT_S_DREAM_HIPPOLYTA,60,1322,test,0.4838709677419355,1.936876893043518,1356374.0891210935
A_MIDSUMMER_NIGHT_S_DREAM_LYSANDER,60,7109,test,0.509375,2.076159715652466,1356374.0891210935
A_MIDSUMMER_NIGHT_S_DREAM_OBERON,60,8726,test,0.46633416458852867,2.4194118976593018,1356374.0891210935
A_MIDSUMMER_NIGHT_S_DREAM_PHILOSTRATE,60,836,test,0.38461538461538464,3.3618228435516357,1356374.0891210935
A_MIDSUMMER_NIGHT_S_DREAM_PROLOGUE,60,1456,test,0.30666666666666664,2.890993118286133,1356374.0891210935
A_MIDSUMMER_NIGHT_S_DREAM_PUCK,60,7585,test,0.4956395348837209,2.360414743423462,1356374.0891210935
A_MIDSUMMER_NIGHT_S_DREAM_PYRAMUS,60,1870,test,0.39655172413793105,3.039680004119873,1356374.0891210935
A_MIDSUMMER_NIGHT_S_DREAM_QUINCE,60,3473,test,0.5054151624548736,2.2078006267547607,1356374.0891210935
A_MIDSUMMER_NIGHT_S_DREAM_THESEUS,60,9771,test,0.47130242825607066,2.4222829341888428,1356374.0891210935
A_MIDSUMMER_NIGHT_S_DREAM_THISBY,60,838,test,0.3076923076923077,3.095115900039673,1356374.0891210935
A_MIDSUMMER_NIGHT_S_DREAM_TITANIA,60,5984,test,0.48484848484848486,2.5313985347747803,1356374.0891210935
CYMBELINE_ARVIRAGUS,60,4747,test,0.4900990099009901,2.5292537212371826,1356374.0891210935
CYMBELINE_BELARIUS,60,13263,test,0.5087579617834395,2.1585471630096436,1356374.0891210935
CYMBELINE_CLOTEN,60,10794,test,0.5401387512388504,2.0836565494537354,1356374.0891210935
CYMBELINE_CORNELIUS,60,2758,test,0.4975609756097561,2.069753885269165,1356374.0891210935
CYMBELINE_CYMBELINE,60,10799,test,0.48265609514370666,2.4866366386413574,1356374.0891210935
CYMBELINE_FIRST_GENTLEMAN,60,2571,test,0.6236559139784946,1.6366283893585205,1356374.0891210935
CYMBELINE_FIRST_LORD,60,823,test,0.6666666666666666,1.8727725744247437,1356374.0891210935
CYMBELINE_FRENCHMAN,60,830,test,0.5833333333333334,1.8305597305297852,1356374.0891210935
CYMBELINE_GAOLER,60,1865,test,0.5517241379310345,1.9231475591659546,1356374.0891210935
CYMBELINE_GUIDERIUS,60,5585,test,0.47950819672131145,2.1320509910583496,1356374.0891210935
CYMBELINE_IACHIMO,60,17293,test,0.49668474984930683,2.342949628829956,1356374.0891210935
CYMBELINE_IMOGEN,60,23267,test,0.5252659574468085,2.121021270751953,1356374.0891210935
CYMBELINE_JUPITER,60,734,test,0.6666666666666666,2.0591766834259033,1356374.0891210935
CYMBELINE_LUCIUS,60,3740,test,0.47854785478547857,2.2601141929626465,1356374.0891210935
CYMBELINE_PHILARIO,60,1406,test,0.6142857142857143,1.6688510179519653,1356374.0891210935
CYMBELINE_PISANIO,60,7843,test,0.5238095238095238,2.078105926513672,1356374.0891210935
CYMBELINE_POSTHUMUS,60,18332,test,0.5031196823596142,2.313971757888794,1356374.0891210935
CYMBELINE_QUEEN,60,6533,test,0.5094339622641509,2.1828677654266357,1356374.0891210935
CYMBELINE_SECOND_LORD,60,1627,test,0.5760869565217391,1.762099266052246,1356374.0891210935
CYMBELINE_SICILIUS,60,1134,test,0.3953488372093023,2.8488523960113525,1356374.0891210935
CYMBELINE_SOOTHSAYER,60,1662,test,0.5625,1.99673330783844,1356374.0891210935
KING_HENRY_THE_EIGHTH_ANNE,60,1835,test,0.5663716814159292,2.0762133598327637,1356374.0891210935
KING_HENRY_THE_EIGHTH_BUCKINGHAM,60,7629,test,0.5332369942196532,2.0740396976470947,1356374.0891210935
KING_HENRY_THE_EIGHTH_CAMPEIUS,60,1884,test,0.5423728813559322,1.7034670114517212,1356374.0891210935
KING_HENRY_THE_EIGHTH_CHAMBERLAIN,60,5877,test,0.4874274661508704,2.296398162841797,1356374.0891210935
KING_HENRY_THE_EIGHTH_CHANCELLOR,60,986,test,0.39285714285714285,3.0796639919281006,1356374.0891210935
KING_HENRY_THE_EIGHTH_CRANMER,60,5395,test,0.5202558635394456,2.1877849102020264,1356374.0891210935
KING_HENRY_THE_EIGHTH_CROMWELL,60,1486,test,0.5769230769230769,1.984993815422058,1356374.0891210935
KING_HENRY_THE_EIGHTH_FIRST_GENTLEMAN,60,3702,test,0.52,2.2571194171905518,1356374.0891210935
KING_HENRY_THE_EIGHTH_GARDINER,60,3398,test,0.5650557620817844,1.8938905000686646,1356374.0891210935
KING_HENRY_THE_EIGHTH_GRIFFITH,60,2980,test,0.5110132158590308,2.1704487800598145,1356374.0891210935
KING_HENRY_THE_EIGHTH_KATHARINE,60,4534,test,0.5117493472584856,2.329258441925049,1356374.0891210935
KING_HENRY_THE_EIGHTH_KING,60,19065,test,0.514161220043573,2.2100253105163574,1356374.0891210935
KING_HENRY_THE_EIGHTH_LOVELL,60,2510,test,0.5111111111111111,2.0461575984954834,1356374.0891210935
KING_HENRY_THE_EIGHTH_MAN,60,1671,test,0.5729166666666666,2.130141019821167,1356374.0891210935
KING_HENRY_THE_EIGHTH_NORFOLK,60,8188,test,0.5641711229946524,1.8793083429336548,1356374.0891210935
KING_HENRY_THE_EIGHTH_OLD_LADY,60,2470,test,0.5113636363636364,2.2644500732421875,1356374.0891210935
KING_HENRY_THE_EIGHTH_PORTER,60,1379,test,0.44776119402985076,2.6626510620117188,1356374.0891210935
KING_HENRY_THE_EIGHTH_QUEEN_KATHARINE,60,11059,test,0.5246376811594203,2.070669651031494,1356374.0891210935
KING_HENRY_THE_EIGHTH_SANDYS,60,1718,test,0.48514851485148514,2.185478925704956,1356374.0891210935
KING_HENRY_THE_EIGHTH_SECOND_GENTLEMAN,60,4142,test,0.5406976744186046,2.085658311843872,1356374.0891210935
KING_HENRY_THE_EIGHTH_SUFFOLK,60,3255,test,0.5686274509803921,1.8604941368103027,1356374.0891210935
KING_HENRY_THE_EIGHTH_SURREY,60,2702,test,0.545,1.789723515510559,1356374.0891210935
KING_HENRY_THE_EIGHTH_SURVEYOR,60,2287,test,0.4620253164556962,2.3873000144958496,1356374.0891210935
KING_HENRY_THE_EIGHTH_THIRD_GENTLEMAN,60,2110,test,0.55,1.9946844577789307,1356374.0891210935
KING_HENRY_THE_EIGHTH_WOLSEY,60,17402,test,0.5035928143712575,2.2866530418395996,1356374.0891210935
KING_JOHN_ARTHUR,60,4839,test,0.4430992736077482,2.4630885124206543,1356374.0891210935
KING_JOHN_AUSTRIA,60,1270,test,0.42857142857142855,2.9264190196990967,1356374.0891210935
KING_JOHN_BASTARD,60,21650,test,0.5038204393505253,2.1508467197418213,1356374.0891210935
KING_JOHN_BLANCH,60,1561,test,0.4823529411764706,2.125552177429199,1356374.0891210935
KING_JOHN_CHATILLON,60,1590,test,0.3977272727272727,2.8573830127716064,1356374.0891210935
KING_JOHN_CITIZEN,60,2674,test,0.4720812182741117,2.410698175430298,1356374.0891210935
KING_JOHN_CONSTANCE,60,11089,test,0.49710982658959535,2.2005722522735596,1356374.0891210935
ALLS_WELL_THAT_ENDS_WELL_BERTRAM,70,10459,test,0.4841025641025641,2.53197979927063,1574971.126474609
ALLS_WELL_THAT_ENDS_WELL_CLOWN,70,8312,test,0.5006570302233903,2.436999797821045,1574971.126474609
ALLS_WELL_THAT_ENDS_WELL_COUNTESS,70,11419,test,0.5079365079365079,2.446427583694458,1574971.126474609
ALLS_WELL_THAT_ENDS_WELL_DIANA,70,5050,test,0.5,2.415907859802246,1574971.126474609
ALLS_WELL_THAT_ENDS_WELL_FIRST_LORD,70,3651,test,0.4931972789115646,2.4910480976104736,1574971.126474609
ALLS_WELL_THAT_ENDS_WELL_FIRST_SOLDIER,70,3146,test,0.48770491803278687,2.3002634048461914,1574971.126474609
ALLS_WELL_THAT_ENDS_WELL_HELENA,70,18616,test,0.5555555555555556,2.034045696258545,1574971.126474609
ALLS_WELL_THAT_ENDS_WELL_KING,70,15764,test,0.5079681274900398,2.265162706375122,1574971.126474609
ALLS_WELL_THAT_ENDS_WELL_LAFEU,70,11521,test,0.4958371877890842,2.3896937370300293,1574971.126474609
ALLS_WELL_THAT_ENDS_WELL_MARIANA,70,810,test,0.6,1.7130959033966064,1574971.126474609
ALLS_WELL_THAT_ENDS_WELL_PAROLLES,70,15816,test,0.5698213103904699,2.08974027633667,1574971.126474609
ALLS_WELL_THAT_ENDS_WELL_SECOND_LORD,70,6747,test,0.5562913907284768,1.9812486171722412,1574971.126474609
ALLS_WELL_THAT_ENDS_WELL_STEWARD,70,1706,test,0.56,2.210685968399048,1574971.126474609
ALLS_WELL_THAT_ENDS_WELL_WIDOW,70,2220,test,0.5298013245033113,2.1995558738708496,1574971.126474609
AS_YOU_LIKE_IT_ADAM,70,2525,test,0.489010989010989,2.3792896270751953,1574971.126474609
AS_YOU_LIKE_IT_CELIA,70,11201,test,0.5271687321258341,2.278869152069092,1574971.126474609
AS_YOU_LIKE_IT_CHARLES,70,1784,test,0.5,1.807690978050232,1574971.126474609
AS_YOU_LIKE_IT_CORIN,70,2732,test,0.4827586206896552,2.5244646072387695,1574971.126474609
AS_YOU_LIKE_IT_DUKE_SENIOR,70,5091,test,0.4931506849315068,2.795999765396118,1574971.126474609
AS_YOU_LIKE_IT_FIRST_LORD,70,1779,test,0.5327102803738317,2.353336811065674,1574971.126474609
AS_YOU_LIKE_IT_FREDERICK,70,2715,test,0.5074626865671642,2.482818126678467,1574971.126474609
AS_YOU_LIKE_IT_JAQUES,70,9556,test,0.5096045197740113,2.3510992527008057,1574971.126474609
AS_YOU_LIKE_IT_LE_BEAU,70,1843,test,0.5701754385964912,1.8688287734985352,1574971.126474609
AS_YOU_LIKE_IT_OLIVER,70,6097,test,0.575139146567718,1.9436112642288208,1574971.126474609
AS_YOU_LIKE_IT_ORLANDO,70,12327,test,0.5430292598967298,2.0611422061920166,1574971.126474609
AS_YOU_LIKE_IT_PHEBE,70,3348,test,0.48863636363636365,2.3851115703582764,1574971.126474609
AS_YOU_LIKE_IT_ROSALIND,70,29302,test,0.5384615384615384,2.2683351039886475,1574971.126474609
AS_YOU_LIKE_IT_SILVIUS,70,2607,test,0.5052631578947369,2.2258174419403076,1574971.126474609
AS_YOU_LIKE_IT_TOUCHSTONE,70,12198,test,0.47693646649260224,2.6949565410614014,1574971.126474609
A_MIDSUMMER_NIGHT_S_DREAM_BOTTOM,70,8626,test,0.5037878787878788,2.424224615097046,1574971.126474609
A_MIDSUMMER_NIGHT_S_DREAM_DEMETRIUS,70,5407,test,0.4978723404255319,2.498596668243408,1574971.126474609
A_MIDSUMMER_NIGHT_S_DREAM_EGEUS,70,1549,test,0.6190476190476191,1.6339964866638184,1574971.126474609
A_MIDSUMMER_NIGHT_S_DREAM_FAIRY,70,976,test,0.48148148148148145,3.0004711151123047,1574971.126474609
A_MIDSUMMER_NIGHT_S_DREAM_FLUTE,70,801,test,0.2222222222222222,3.846343994140625,1574971.126474609
A_MIDSUMMER_NIGHT_S_DREAM_HELENA,70,9316,test,0.5017421602787456,2.438836097717285,1574971.126474609
A_MIDSUMMER_NIGHT_S_DREAM_HERMIA,70,6581,test,0.5093696763202725,2.4246416091918945,1574971.126474609
A_MIDSUMMER_NIGHT_S_DREAM_HIPPOLYTA,70,1322,test,0.5806451612903226,2.3281807899475098,1574971.126474609
A_MIDSUMMER_NIGHT_S_DREAM_LYSANDER,70,7109,test,0.5234375,2.2024505138397217,1574971.126474609
A_MIDSUMMER_NIGHT_S_DREAM_OBERON,70,8726,test,0.470074812967581,2.6311252117156982,1574971.126474609
A_MIDSUMMER_NIGHT_S_DREAM_PHILOSTRATE,70,836,test,0.46153846153846156,2.8867175579071045,1574971.126474609
A_MIDSUMMER_NIGHT_S_DREAM_PROLOGUE,70,1456,test,0.3333333333333333,2.943423271179199,1574971.126474609
A_MIDSUMMER_NIGHT_S_DREAM_PUCK,70,7585,test,0.5058139534883721,2.5239880084991455,1574971.126474609
A_MIDSUMMER_NIGHT_S_DREAM_PYRAMUS,70,1870,test,0.4224137931034483,3.0763742923736572,1574971.126474609
A_MIDSUMMER_NIGHT_S_DREAM_QUINCE,70,3473,test,0.4729241877256318,2.4550106525421143,1574971.126474609
A_MIDSUMMER_NIGHT_S_DREAM_THESEUS,70,9771,test,0.47240618101545256,2.636042356491089,1574971.126474609
A_MIDSUMMER_NIGHT_S_DREAM_THISBY,70,838,test,0.3076923076923077,2.94761323928833,1574971.126474609
A_MIDSUMMER_NIGHT_S_DREAM_TITANIA,70,5984,test,0.48484848484848486,2.635990858078003,1574971.126474609
CYMBELINE_ARVIRAGUS,70,4747,test,0.4752475247524752,2.7585630416870117,1574971.126474609
CYMBELINE_BELARIUS,70,13263,test,0.4880573248407643,2.4056591987609863,1574971.126474609
CYMBELINE_CLOTEN,70,10794,test,0.5431119920713577,2.2247681617736816,1574971.126474609
CYMBELINE_CORNELIUS,70,2758,test,0.48292682926829267,2.433894395828247,1574971.126474609
CYMBELINE_CYMBELINE,70,10799,test,0.4638255698711596,2.7467503547668457,1574971.126474609
CYMBELINE_FIRST_GENTLEMAN,70,2571,test,0.6021505376344086,1.697975754737854,1574971.126474609
CYMBELINE_FIRST_LORD,70,823,test,0.5833333333333334,1.9573073387145996,1574971.126474609
CYMBELINE_FRENCHMAN,70,830,test,0.5,2.5844972133636475,1574971.126474609
CYMBELINE_GAOLER,70,1865,test,0.5086206896551724,2.3585081100463867,1574971.126474609
CYMBELINE_GUIDERIUS,70,5585,test,0.5184426229508197,2.403498411178589,1574971.126474609
CYMBELINE_IACHIMO,70,17293,test,0.48342374924653403,2.579646587371826,1574971.126474609
CYMBELINE_IMOGEN,70,23267,test,0.5110815602836879,2.342876434326172,1574971.126474609
CYMBELINE_JUPITER,70,734,test,0.6666666666666666,2.3594276905059814,1574971.126474609
CYMBELINE_LUCIUS,70,3740,test,0.46204620462046203,2.4938976764678955,1574971.126474609
CYMBELINE_PHILARIO,70,1406,test,0.5571428571428572,1.9606329202651978,1574971.126474609
CYMBELINE_PISANIO,70,7843,test,0.5154061624649859,2.248789072036743,1574971.126474609
CYMBELINE_POSTHUMUS,70,18332,test,0.49801474758933634,2.502812623977661,1574971.126474609
CYMBELINE_QUEEN,70,6533,test,0.5094339622641509,2.4137685298919678,1574971.126474609
CYMBELINE_SECOND_LORD,70,1627,test,0.6195652173913043,2.04231858253479,1574971.126474609
CYMBELINE_SICILIUS,70,1134,test,0.3953488372093023,3.5483639240264893,1574971.126474609
CYMBELINE_SOOTHSAYER,70,1662,test,0.5104166666666666,2.1454763412475586,1574971.126474609
KING_HENRY_THE_EIGHTH_ANNE,70,1835,test,0.5575221238938053,2.435814142227173,1574971.126474609
KING_HENRY_THE_EIGHTH_BUCKINGHAM,70,7629,test,0.5202312138728323,2.245710611343384,1574971.126474609
KING_HENRY_THE_EIGHTH_CAMPEIUS,70,1884,test,0.5677966101694916,1.787692666053772,1574971.126474609
KING_HENRY_THE_EIGHTH_CHAMBERLAIN,70,5877,test,0.44294003868471954,2.676530122756958,1574971.126474609
KING_HENRY_THE_EIGHTH_CHANCELLOR,70,986,test,0.35714285714285715,3.6197237968444824,1574971.126474609
KING_HENRY_THE_EIGHTH_CRANMER,70,5395,test,0.4946695095948827,2.392253875732422,1574971.126474609
KING_HENRY_THE_EIGHTH_CROMWELL,70,1486,test,0.5,2.3638603687286377,1574971.126474609
KING_HENRY_THE_EIGHTH_FIRST_GENTLEMAN,70,3702,test,0.5333333333333333,2.3227877616882324,1574971.126474609
KING_HENRY_THE_EIGHTH_GARDINER,70,3398,test,0.550185873605948,2.157538890838623,1574971.126474609
KING_HENRY_THE_EIGHTH_GRIFFITH,70,2980,test,0.4977973568281938,2.3513331413269043,1574971.126474609
KING_HENRY_THE_EIGHTH_KATHARINE,70,4534,test,0.5195822454308094,2.5144925117492676,1574971.126474609
KING_HENRY_THE_EIGHTH_KING,70,19065,test,0.48965141612200436,2.4604647159576416,1574971.126474609
KING_HENRY_THE_EIGHTH_LOVELL,70,2510,test,0.4777777777777778,2.4052624702453613,1574971.126474609
KING_HENRY_THE_EIGHTH_MAN,70,1671,test,0.5,2.7225501537323,1574971.126474609
KING_HENRY_THE_EIGHTH_NORFOLK,70,8188,test,0.5561497326203209,2.0637712478637695,1574971.126474609
KING_HENRY_THE_EIGHTH_OLD_LADY,70,2470,test,0.5056818181818182,2.492567300796509,1574971.126474609
KING_HENRY_THE_EIGHTH_PORTER,70,1379,test,0.417910447761194,2.726576089859009,1574971.126474609
KING_HENRY_THE_EIGHTH_QUEEN_KATHARINE,70,11059,test,0.5217391304347826,2.2686328887939453,1574971.126474609
KING_HENRY_THE_EIGHTH_SANDYS,70,1718,test,0.4158415841584158,2.8194096088409424,1574971.126474609
KING_HENRY_THE_EIGHTH_SECOND_GENTLEMAN,70,4142,test,0.5377906976744186,2.3254425525665283,1574971.126474609
KING_HENRY_THE_EIGHTH_SUFFOLK,70,3255,test,0.5764705882352941,2.077908992767334,1574971.126474609
KING_HENRY_THE_EIGHTH_SURREY,70,2702,test,0.54,1.9573901891708374,1574971.126474609
KING_HENRY_THE_EIGHTH_SURVEYOR,70,2287,test,0.45569620253164556,2.8542494773864746,1574971.126474609
KING_HENRY_THE_EIGHTH_THIRD_GENTLEMAN,70,2110,test,0.5571428571428572,2.2756688594818115,1574971.126474609
KING_HENRY_THE_EIGHTH_WOLSEY,70,17402,test,0.4820359281437126,2.4901528358459473,1574971.126474609
KING_JOHN_ARTHUR,70,4839,test,0.4600484261501211,2.519800901412964,1574971.126474609
KING_JOHN_AUSTRIA,70,1270,test,0.39285714285714285,3.3002123832702637,1574971.126474609
KING_JOHN_BASTARD,70,21650,test,0.4909264565425024,2.400533437728882,1574971.126474609
KING_JOHN_BLANCH,70,1561,test,0.4588235294117647,2.2358710765838623,1574971.126474609
KING_JOHN_CHATILLON,70,1590,test,0.42045454545454547,3.0540671348571777,1574971.126474609
KING_JOHN_CITIZEN,70,2674,test,0.45685279187817257,2.7556869983673096,1574971.126474609
KING_JOHN_CONSTANCE,70,11089,test,0.5057803468208093,2.3681843280792236,1574971.126474609
